-- MySQL dump 10.13  Distrib 5.6.23, for osx10.8 (x86_64)
--
-- Host: localhost    Database: csc435
-- ------------------------------------------------------
-- Server version	5.6.23

/*!40101 SET @OLD_CHARACTER_SET_CLIENT=@@CHARACTER_SET_CLIENT */;
/*!40101 SET @OLD_CHARACTER_SET_RESULTS=@@CHARACTER_SET_RESULTS */;
/*!40101 SET @OLD_COLLATION_CONNECTION=@@COLLATION_CONNECTION */;
/*!40101 SET NAMES utf8 */;
/*!40103 SET @OLD_TIME_ZONE=@@TIME_ZONE */;
/*!40103 SET TIME_ZONE='+00:00' */;
/*!40014 SET @OLD_UNIQUE_CHECKS=@@UNIQUE_CHECKS, UNIQUE_CHECKS=0 */;
/*!40014 SET @OLD_FOREIGN_KEY_CHECKS=@@FOREIGN_KEY_CHECKS, FOREIGN_KEY_CHECKS=0 */;
/*!40101 SET @OLD_SQL_MODE=@@SQL_MODE, SQL_MODE='NO_AUTO_VALUE_ON_ZERO' */;
/*!40111 SET @OLD_SQL_NOTES=@@SQL_NOTES, SQL_NOTES=0 */;

--
-- Current Database: `csc435`
--

CREATE DATABASE /*!32312 IF NOT EXISTS*/ `csc435` /*!40100 DEFAULT CHARACTER SET latin1 */;

USE `csc435`;

--
-- Table structure for table `lolChampions`
--

DROP TABLE IF EXISTS `lolChampions`;
/*!40101 SET @saved_cs_client     = @@character_set_client */;
/*!40101 SET character_set_client = utf8 */;
CREATE TABLE `lolChampions` (
  `id` int(11) DEFAULT NULL,
  `name` varchar(50) DEFAULT NULL,
  `image` varchar(50) DEFAULT NULL
) ENGINE=InnoDB DEFAULT CHARSET=latin1;
/*!40101 SET character_set_client = @saved_cs_client */;

--
-- Dumping data for table `lolChampions`
--

LOCK TABLES `lolChampions` WRITE;
/*!40000 ALTER TABLE `lolChampions` DISABLE KEYS */;
INSERT INTO `lolChampions` VALUES (266,'Aatrox','Aatrox.png'),(103,'Ahri','Ahri.png'),(84,'Akali','Akali.png'),(12,'Alistar','Alistar.png'),(32,'Amumu','Amumu.png'),(34,'Anivia','Anivia.png'),(1,'Annie','Annie.png'),(22,'Ashe','Ashe.png'),(268,'Azir','Azir.png'),(53,'Blitzcrank','Blitzcrank.png'),(63,'Brand','Brand.png'),(201,'Braum','Braum.png'),(51,'Caitlyn','Caitlyn.png'),(69,'Cassiopeia','Cassiopeia.png'),(31,'Cho\'Gath','Chogath.png'),(42,'Corki','Corki.png'),(122,'Darius','Darius.png'),(131,'Diana','Diana.png'),(119,'Draven','Draven.png'),(36,'Dr. Mundo','DrMundo.png'),(60,'Elise','Elise.png'),(28,'Evelynn','Evelynn.png'),(81,'Ezreal','Ezreal.png'),(9,'Fiddlesticks','FiddleSticks.png'),(114,'Fiora','Fiora.png'),(105,'Fizz','Fizz.png'),(3,'Galio','Galio.png'),(41,'Gangplank','Gangplank.png'),(86,'Garen','Garen.png'),(150,'Gnar','Gnar.png'),(79,'Gragas','Gragas.png'),(104,'Graves','Graves.png'),(120,'Hecarim','Hecarim.png'),(74,'Heimerdinger','Heimerdinger.png'),(39,'Irelia','Irelia.png'),(40,'Janna','Janna.png'),(59,'Jarvan IV','JarvanIV.png'),(24,'Jax','Jax.png'),(126,'Jayce','Jayce.png'),(222,'Jinx','Jinx.png'),(429,'Kalista','Kalista.png'),(43,'Karma','Karma.png'),(30,'Karthus','Karthus.png'),(38,'Kassadin','Kassadin.png'),(55,'Katarina','Katarina.png'),(10,'Kayle','Kayle.png'),(85,'Kennen','Kennen.png'),(121,'Kha\'Zix','Khazix.png'),(96,'Kog\'Maw','KogMaw.png'),(7,'LeBlanc','Leblanc.png'),(64,'Lee Sin','LeeSin.png'),(89,'Leona','Leona.png'),(127,'Lissandra','Lissandra.png'),(236,'Lucian','Lucian.png'),(117,'Lulu','Lulu.png'),(99,'Lux','Lux.png'),(54,'Malphite','Malphite.png'),(90,'Malzahar','Malzahar.png'),(57,'Maokai','Maokai.png'),(11,'Master Yi','MasterYi.png'),(21,'Miss Fortune','MissFortune.png'),(62,'Wukong','MonkeyKing.png'),(82,'Mordekaiser','Mordekaiser.png'),(25,'Morgana','Morgana.png'),(267,'Nami','Nami.png'),(75,'Nasus','Nasus.png'),(111,'Nautilus','Nautilus.png'),(76,'Nidalee','Nidalee.png'),(56,'Nocturne','Nocturne.png'),(20,'Nunu','Nunu.png'),(2,'Olaf','Olaf.png'),(61,'Orianna','Orianna.png'),(80,'Pantheon','Pantheon.png'),(78,'Poppy','Poppy.png'),(133,'Quinn','Quinn.png'),(33,'Rammus','Rammus.png'),(421,'Rek\'Sai','RekSai.png'),(58,'Renekton','Renekton.png'),(107,'Rengar','Rengar.png'),(92,'Riven','Riven.png'),(68,'Rumble','Rumble.png'),(13,'Ryze','Ryze.png'),(113,'Sejuani','Sejuani.png'),(35,'Shaco','Shaco.png'),(98,'Shen','Shen.png'),(102,'Shyvana','Shyvana.png'),(27,'Singed','Singed.png'),(14,'Sion','Sion.png'),(15,'Sivir','Sivir.png'),(72,'Skarner','Skarner.png'),(37,'Sona','Sona.png'),(16,'Soraka','Soraka.png'),(50,'Swain','Swain.png'),(134,'Syndra','Syndra.png'),(91,'Talon','Talon.png'),(44,'Taric','Taric.png'),(17,'Teemo','Teemo.png'),(412,'Thresh','Thresh.png'),(18,'Tristana','Tristana.png'),(48,'Trundle','Trundle.png'),(23,'Tryndamere','Tryndamere.png'),(4,'Twisted Fate','TwistedFate.png'),(29,'Twitch','Twitch.png'),(77,'Udyr','Udyr.png'),(6,'Urgot','Urgot.png'),(110,'Varus','Varus.png'),(67,'Vayne','Vayne.png'),(45,'Veigar','Veigar.png'),(161,'Vel\'Koz','Velkoz.png'),(254,'Vi','Vi.png'),(112,'Viktor','Viktor.png'),(8,'Vladimir','Vladimir.png'),(106,'Volibear','Volibear.png'),(19,'Warwick','Warwick.png'),(101,'Xerath','Xerath.png'),(5,'Xin Zhao','XinZhao.png'),(157,'Yasuo','Yasuo.png'),(83,'Yorick','Yorick.png'),(154,'Zac','Zac.png'),(238,'Zed','Zed.png'),(115,'Ziggs','Ziggs.png'),(26,'Zilean','Zilean.png'),(143,'Zyra','Zyra.png');
/*!40000 ALTER TABLE `lolChampions` ENABLE KEYS */;
UNLOCK TABLES;

--
-- Table structure for table `lolItemStats`
--

DROP TABLE IF EXISTS `lolItemStats`;
/*!40101 SET @saved_cs_client     = @@character_set_client */;
/*!40101 SET character_set_client = utf8 */;
CREATE TABLE `lolItemStats` (
  `id` int(11) NOT NULL DEFAULT '0',
  `armor` double DEFAULT NULL,
  `attackSpeed` double DEFAULT NULL,
  `block` double DEFAULT NULL,
  `critDamage` double DEFAULT NULL,
  `critChance` double DEFAULT NULL,
  `hp` double DEFAULT NULL,
  `hpRegen` double DEFAULT NULL,
  `mp` double DEFAULT NULL,
  `mpRegen` double DEFAULT NULL,
  `magicDamage` double DEFAULT NULL,
  `movementSpeed` double DEFAULT NULL,
  `physicalDamage` double DEFAULT NULL,
  `spellBlock` double DEFAULT NULL,
  `pArmor` double DEFAULT NULL,
  `pAttackSpeed` double DEFAULT NULL,
  `pBlock` double DEFAULT NULL,
  `pCritDamage` double DEFAULT NULL,
  `pCritChance` double DEFAULT NULL,
  `pHP` double DEFAULT NULL,
  `pHPRegen` double DEFAULT NULL,
  `pMP` double DEFAULT NULL,
  `pMPRegen` double DEFAULT NULL,
  `pLifeSteal` double DEFAULT NULL,
  `pMagicDamage` double DEFAULT NULL,
  `pMovementSpeed` double DEFAULT NULL,
  `pPhysicalDamage` double DEFAULT NULL,
  `pSpellBlock` double DEFAULT NULL,
  `pSpellVamp` double DEFAULT NULL,
  `pDodge` double DEFAULT NULL,
  PRIMARY KEY (`id`),
  CONSTRAINT `lolitemstats_ibfk_1` FOREIGN KEY (`id`) REFERENCES `lolItems` (`id`)
) ENGINE=InnoDB DEFAULT CHARSET=latin1;
/*!40101 SET character_set_client = @saved_cs_client */;

--
-- Dumping data for table `lolItemStats`
--

LOCK TABLES `lolItemStats` WRITE;
/*!40000 ALTER TABLE `lolItemStats` DISABLE KEYS */;
INSERT INTO `lolItemStats` VALUES (1001,0,0,0,0,0,0,0,0,0,0,25,0,0,0,0,0,0,0,0,0,0,0,0,0,0,0,0,0,0),(1004,0,0,0,0,0,0,0,0,0,0,0,0,0,0,0,0,0,0,0,0,0,0,0,0,0,0,0,0,0),(1006,0,0,0,0,0,0,0,0,0,0,0,0,0,0,0,0,0,0,0,0,0,0,0,0,0,0,0,0,0),(1011,0,0,0,0,0,380,0,0,0,0,0,0,0,0,0,0,0,0,0,0,0,0,0,0,0,0,0,0,0),(1018,0,0,0,0,0.15,0,0,0,0,0,0,0,0,0,0,0,0,0,0,0,0,0,0,0,0,0,0,0,0),(1026,0,0,0,0,0,0,0,0,0,40,0,0,0,0,0,0,0,0,0,0,0,0,0,0,0,0,0,0,0),(1027,0,0,0,0,0,0,0,200,0,0,0,0,0,0,0,0,0,0,0,0,0,0,0,0,0,0,0,0,0),(1028,0,0,0,0,0,150,0,0,0,0,0,0,0,0,0,0,0,0,0,0,0,0,0,0,0,0,0,0,0),(1029,15,0,0,0,0,0,0,0,0,0,0,0,0,0,0,0,0,0,0,0,0,0,0,0,0,0,0,0,0),(1031,40,0,0,0,0,0,0,0,0,0,0,0,0,0,0,0,0,0,0,0,0,0,0,0,0,0,0,0,0),(1033,0,0,0,0,0,0,0,0,0,0,0,0,25,0,0,0,0,0,0,0,0,0,0,0,0,0,0,0,0),(1036,0,0,0,0,0,0,0,0,0,0,0,10,0,0,0,0,0,0,0,0,0,0,0,0,0,0,0,0,0),(1037,0,0,0,0,0,0,0,0,0,0,0,25,0,0,0,0,0,0,0,0,0,0,0,0,0,0,0,0,0),(1038,0,0,0,0,0,0,0,0,0,0,0,50,0,0,0,0,0,0,0,0,0,0,0,0,0,0,0,0,0),(1039,0,0,0,0,0,0,0,0,0,0,0,0,0,0,0,0,0,0,0,0,0,0,0,0,0,0,0,0,0),(1042,0,0,0,0,0,0,0,0,0,0,0,0,0,0,0.15,0,0,0,0,0,0,0,0,0,0,0,0,0,0),(1043,0,0,0,0,0,0,0,0,0,0,0,0,0,0,0.3,0,0,0,0,0,0,0,0,0,0,0,0,0,0),(1051,0,0,0,0,0.08,0,0,0,0,0,0,0,0,0,0,0,0,0,0,0,0,0,0,0,0,0,0,0,0),(1052,0,0,0,0,0,0,0,0,0,20,0,0,0,0,0,0,0,0,0,0,0,0,0,0,0,0,0,0,0),(1053,0,0,0,0,0,0,0,0,0,0,0,10,0,0,0,0,0,0,0,0,0,0,0.08,0,0,0,0,0,0),(1054,0,0,0,0,0,80,1.2,0,0,0,0,0,0,0,0,0,0,0,0,0,0,0,0,0,0,0,0,0,0),(1055,0,0,0,0,0,70,0,0,0,0,0,7,0,0,0,0,0,0,0,0,0,0,0.03,0,0,0,0,0,0),(1056,0,0,0,0,0,60,0,0,0.6,15,0,0,0,0,0,0,0,0,0,0,0,0,0,0,0,0,0,0,0),(1057,0,0,0,0,0,0,0,0,0,0,0,0,45,0,0,0,0,0,0,0,0,0,0,0,0,0,0,0,0),(1058,0,0,0,0,0,0,0,0,0,80,0,0,0,0,0,0,0,0,0,0,0,0,0,0,0,0,0,0,0),(1062,0,0,0,0,0,0,0,0,0,0,0,16,0,0,0.15,0,0,0,0,0,0,0,0,0,0,0,0,0,0),(1063,0,0,0,0,0,0,0,0,1.2,35,0,0,0,0,0,0,0,0,0,0,0,0,0,0,0,0,0,0,0),(1074,0,0,0,0,0,100,2,0,0,0,0,0,0,0,0,0,0,0,0,0,0,0,0,0,0,0,0,0,0),(1075,0,0,0,0,0,70,0,0,0,0,0,7,0,0,0,0,0,0,0,0,0,0,0.03,0,0,0,0,0,0),(1076,0,0,0,0,0,60,0,0,0.6,15,0,0,0,0,0,0,0,0,0,0,0,0,0,0,0,0,0,0,0),(2041,0,0,0,0,0,0,0,0,0,0,0,0,0,0,0,0,0,0,0,0,0,0,0,0,0,0,0,0,0),(2045,0,0,0,0,0,400,0,0,0,0,0,0,0,0,0,0,0,0,0,0,0,0,0,0,0,0,0,0,0),(2049,0,0,0,0,0,150,0,0,0,0,0,0,0,0,0,0,0,0,0,0,0,0,0,0,0,0,0,0,0),(2051,0,0,0,0,0,200,0,0,0,0,0,0,0,0,0,0,0,0,0,0,0,0,0,0,0,0,0,0,0),(2053,40,0,0,0,0,0,0,0,0,0,0,0,0,0,0,0,0,0,0,0,0,0,0,0,0,0,0,0,0),(3001,0,0,0,0,0,0,0,0,0,70,0,0,50,0,0,0,0,0,0,0,0,0,0,0,0,0,0,0,0),(3003,0,0,0,0,0,0,0,250,0,60,0,0,0,0,0,0,0,0,0,0,0,0,0,0,0,0,0,0,0),(3004,0,0,0,0,0,0,0,250,0,0,0,25,0,0,0,0,0,0,0,0,0,0,0,0,0,0,0,0,0),(3006,0,0,0,0,0,0,0,0,0,0,45,0,0,0,0.25,0,0,0,0,0,0,0,0,0,0,0,0,0,0),(3007,0,0,0,0,0,0,0,250,0,60,0,0,0,0,0,0,0,0,0,0,0,0,0,0,0,0,0,0,0),(3008,0,0,0,0,0,0,0,250,0,0,0,25,0,0,0,0,0,0,0,0,0,0,0,0,0,0,0,0,0),(3009,0,0,0,0,0,0,0,0,0,0,60,0,0,0,0,0,0,0,0,0,0,0,0,0,0,0,0,0,0),(3010,0,0,0,0,0,200,0,300,0,0,0,0,0,0,0,0,0,0,0,0,0,0,0,0,0,0,0,0,0),(3020,0,0,0,0,0,0,0,0,0,0,45,0,0,0,0,0,0,0,0,0,0,0,0,0,0,0,0,0,0),(3022,0,0,0,0,0,700,0,0,0,0,0,30,0,0,0,0,0,0,0,0,0,0,0,0,0,0,0,0,0),(3023,0,0,0,0,0,0,0,0,0,80,0,0,0,0,0,0,0,0,0,0,0,0,0,0,0.06,0,0,0,0),(3024,20,0,0,0,0,0,0,250,0,0,0,0,0,0,0,0,0,0,0,0,0,0,0,0,0,0,0,0,0),(3025,60,0,0,0,0,0,0,500,0,30,0,0,0,0,0,0,0,0,0,0,0,0,0,0,0,0,0,0,0),(3026,50,0,0,0,0,0,0,0,0,0,0,0,50,0,0,0,0,0,0,0,0,0,0,0,0,0,0,0,0),(3027,0,0,0,0,0,450,0,450,0,60,0,0,0,0,0,0,0,0,0,0,0,0,0,0,0,0,0,0,0),(3028,0,0,0,0,0,0,0,0,0,0,0,0,25,0,0,0,0,0,0,0,0,0,0,0,0,0,0,0,0),(3029,0,0,0,0,0,450,0,450,0,60,0,0,0,0,0,0,0,0,0,0,0,0,0,0,0,0,0,0,0),(3031,0,0,0,0,0.2,0,0,0,0,0,0,80,0,0,0,0,0,0,0,0,0,0,0,0,0,0,0,0,0),(3035,0,0,0,0,0,0,0,0,0,0,0,40,0,0,0,0,0,0,0,0,0,0,0,0,0,0,0,0,0),(3041,0,0,0,0,0,0,0,0,0,20,0,0,0,0,0,0,0,0,0,0,0,0,0,0,0,0,0,0,0),(3044,0,0,0,0,0,200,0,0,0,0,0,20,0,0,0,0,0,0,0,0,0,0,0,0,0,0,0,0,0),(3046,0,0,0,0,0.35,0,0,0,0,0,0,0,0,0,0.5,0,0,0,0,0,0,0,0,0,0.05,0,0,0,0),(3047,25,0,0,0,0,0,0,0,0,0,45,0,0,0,0,0,0,0,0,0,0,0,0,0,0,0,0,0,0),(3050,0,0,0,0,0,250,0,0,0,0,0,0,0,0,0,0,0,0,0,0,0,0,0,0,0,0,0,0,0),(3056,50,0,0,0,0,300,0,0,0,0,0,0,0,0,0,0,0,0,0,0,0,0,0,0,0,0,0,0,0),(3057,0,0,0,0,0,0,0,200,0,25,0,0,0,0,0,0,0,0,0,0,0,0,0,0,0,0,0,0,0),(3060,0,0,0,0,0,200,0,0,0,60,0,0,20,0,0,0,0,0,0,0,0,0,0,0,0,0,0,0,0),(3065,0,0,0,0,0,400,0,0,0,0,0,0,55,0,0,0,0,0,0,0,0,0,0,0,0,0,0,0,0),(3067,0,0,0,0,0,200,0,0,0,0,0,0,0,0,0,0,0,0,0,0,0,0,0,0,0,0,0,0,0),(3068,45,0,0,0,0,450,0,0,0,0,0,0,0,0,0,0,0,0,0,0,0,0,0,0,0,0,0,0,0),(3069,0,0,0,0,0,0,0,0,0,0,0,0,0,0,0,0,0,0,0,0,0,0,0,0,0,0,0,0,0),(3070,0,0,0,0,0,0,0,250,0,0,0,0,0,0,0,0,0,0,0,0,0,0,0,0,0,0,0,0,0),(3071,0,0,0,0,0,200,0,0,0,0,0,50,0,0,0,0,0,0,0,0,0,0,0,0,0,0,0,0,0),(3072,0,0,0,0,0,0,0,0,0,0,0,80,0,0,0,0,0,0,0,0,0,0,0,0,0,0,0,0,0),(3073,0,0,0,0,0,0,0,250,0,0,0,0,0,0,0,0,0,0,0,0,0,0,0,0,0,0,0,0,0),(3074,0,0,0,0,0,0,0,0,0,0,0,75,0,0,0,0,0,0,0,0,0,0,0.12,0,0,0,0,0,0),(3075,100,0,0,0,0,0,0,0,0,0,0,0,0,0,0,0,0,0,0,0,0,0,0,0,0,0,0,0,0),(3077,0,0,0,0,0,0,0,0,0,0,0,40,0,0,0,0,0,0,0,0,0,0,0,0,0,0,0,0,0),(3078,0,0,0,0,0.1,250,0,200,0,30,0,30,0,0,0.3,0,0,0,0,0,0,0,0,0,0.08,0,0,0,0),(3082,45,0,0,0,0,0,0,0,0,0,0,0,0,0,0,0,0,0,0,0,0,0,0,0,0,0,0,0,0),(3083,0,0,0,0,0,800,0,0,0,0,0,0,0,0,0,0,0,0,0,0,0,0,0,0,0,0,0,0,0),(3084,0,0,0,0,0,850,0,0,0,0,0,0,0,0,0,0,0,0,0,0,0,0,0,0,0,0,0,0,0),(3085,0,0,0,0,0,0,0,0,0,0,0,0,0,0,0.7,0,0,0,0,0,0,0,0,0,0,0,0,0,0),(3086,0,0,0,0,0.1,0,0,0,0,0,0,0,0,0,0.2,0,0,0,0,0,0,0,0,0,0.05,0,0,0,0),(3087,0,0,0,0,0.2,0,0,0,0,0,0,0,0,0,0.4,0,0,0,0,0,0,0,0,0,0.06,0,0,0,0),(3089,0,0,0,0,0,0,0,0,0,120,0,0,0,0,0,0,0,0,0,0,0,0,0,0,0,0,0,0,0),(3090,45,0,0,0,0,0,0,0,0,100,0,0,0,0,0,0,0,0,0,0,0,0,0,0,0,0,0,0,0),(3091,0,0,0,0,0,0,0,0,0,0,0,0,30,0,0.5,0,0,0,0,0,0,0,0,0,0,0,0,0,0),(3092,0,0,0,0,0,0,0,0,0,50,0,0,0,0,0,0,0,0,0,0,0,0,0,0,0,0,0,0,0),(3093,0,0,0,0,0.1,0,0,0,0,0,0,0,0,0,0,0,0,0,0,0,0,0,0,0,0,0,0,0,0),(3096,0,0,0,0,0,0,0,0,0,0,0,0,0,0,0,0,0,0,0,0,0,0,0,0,0,0,0,0,0),(3097,0,0,0,0,0,175,0,0,0,0,0,0,0,0,0,0,0,0,0,0,0,0,0,0,0,0,0,0,0),(3098,0,0,0,0,0,0,0,0,0,10,0,0,0,0,0,0,0,0,0,0,0,0,0,0,0,0,0,0,0),(3100,0,0,0,0,0,0,0,250,0,80,0,0,0,0,0,0,0,0,0,0,0,0,0,0,0.05,0,0,0,0),(3101,0,0,0,0,0,0,0,0,0,0,0,0,0,0,0.4,0,0,0,0,0,0,0,0,0,0,0,0,0,0),(3102,0,0,0,0,0,450,0,0,0,0,0,0,55,0,0,0,0,0,0,0,0,0,0,0,0,0,0,0,0),(3104,0,0,0,0,0.25,0,0,0,0,0,0,80,0,0,0,0,0,0,0,0,0,0,0,0,0,0,0,0,0),(3105,0,0,0,0,0,200,0,0,0,0,0,0,20,0,0,0,0,0,0,0,0,0,0,0,0,0,0,0,0),(3106,0,0,0,0,0,0,0,0,0,0,0,0,0,0,0.15,0,0,0,0,0,0,0,0,0,0,0,0,0,0),(3108,0,0,0,0,0,0,0,0,0,30,0,0,0,0,0,0,0,0,0,0,0,0,0,0,0,0,0,0,0),(3110,100,0,0,0,0,0,0,400,0,0,0,0,0,0,0,0,0,0,0,0,0,0,0,0,0,0,0,0,0),(3111,0,0,0,0,0,0,0,0,0,0,45,0,25,0,0,0,0,0,0,0,0,0,0,0,0,0,0,0,0),(3112,0,0,0,0,0,0,0,0,0,0,0,0,70,0,0,0,0,0,0,0,0,0,0,0,0,0,0,0,0),(3113,0,0,0,0,0,0,0,0,0,30,0,0,0,0,0,0,0,0,0,0,0,0,0,0,0,0,0,0,0),(3114,0,0,0,0,0,0,0,0,0,0,0,0,0,0,0,0,0,0,0,0,0,0,0,0,0,0,0,0,0),(3115,0,0,0,0,0,0,0,0,0,60,0,0,0,0,0.5,0,0,0,0,0,0,0,0,0,0,0,0,0,0),(3116,0,0,0,0,0,400,0,0,0,100,0,0,0,0,0,0,0,0,0,0,0,0,0,0,0,0,0,0,0),(3117,0,0,0,0,0,0,0,0,0,0,105,0,0,0,0,0,0,0,0,0,0,0,0,0,0,0,0,0,0),(3122,0,0,0,0,0.1,0,0,0,0,0,0,20,0,0,0,0,0,0,0,0,0,0,0,0,0,0,0,0,0),(3124,0,0,0,0,0,0,0,0,0,40,0,30,0,0,0,0,0,0,0,0,0,0,0,0,0,0,0,0,0),(3134,0,0,0,0,0,0,0,0,0,0,0,25,0,0,0,0,0,0,0,0,0,0,0,0,0,0,0,0,0),(3135,0,0,0,0,0,0,0,0,0,70,0,0,0,0,0,0,0,0,0,0,0,0,0,0,0,0,0,0,0),(3136,0,0,0,0,0,200,0,0,0,25,0,0,0,0,0,0,0,0,0,0,0,0,0,0,0,0,0,0,0),(3137,0,0,0,0,0,0,0,0,0,0,0,0,45,0,0.5,0,0,0,0,0,0,0,0,0,0,0,0,0,0),(3139,0,0,0,0,0,0,0,0,0,0,0,80,35,0,0,0,0,0,0,0,0,0,0,0,0,0,0,0,0),(3140,0,0,0,0,0,0,0,0,0,0,0,0,30,0,0,0,0,0,0,0,0,0,0,0,0,0,0,0,0),(3141,0,0,0,0,0,0,0,0,0,0,0,10,0,0,0,0,0,0,0,0,0,0,0,0,0,0,0,0,0),(3142,0,0,0,0,0.15,0,0,0,0,0,0,30,0,0,0,0,0,0,0,0,0,0,0,0,0,0,0,0,0),(3143,70,0,0,0,0,500,0,0,0,0,0,0,0,0,0,0,0,0,0,0,0,0,0,0,0,0,0,0,0),(3144,0,0,0,0,0,0,0,0,0,0,0,25,0,0,0,0,0,0,0,0,0,0,0.08,0,0,0,0,0,0),(3145,0,0,0,0,0,0,0,0,0,40,0,0,0,0,0,0,0,0,0,0,0,0,0,0,0,0,0,0,0),(3146,0,0,0,0,0,0,0,0,0,80,0,40,0,0,0,0,0,0,0,0,0,0,0.1,0,0,0,0,0,0),(3151,0,0,0,0,0,300,0,0,0,50,0,0,0,0,0,0,0,0,0,0,0,0,0,0,0,0,0,0,0),(3152,0,0,0,0,0,0,0,0,0,80,0,0,0,0,0,0,0,0,0,0,0,0,0,0,0,0,0,0,0),(3153,0,0,0,0,0,0,0,0,0,0,0,25,0,0,0.4,0,0,0,0,0,0,0,0.1,0,0,0,0,0,0),(3154,0,0,0,0,0,0,0,0,0,0,0,12,0,0,0.3,0,0,0,0,0,0,0,0,0,0,0,0,0,0),(3155,0,0,0,0,0,0,0,0,0,0,0,25,30,0,0,0,0,0,0,0,0,0,0,0,0,0,0,0,0),(3156,0,0,0,0,0,0,0,0,0,0,0,60,40,0,0,0,0,0,0,0,0,0,0,0,0,0,0,0,0),(3157,50,0,0,0,0,0,0,0,0,120,0,0,0,0,0,0,0,0,0,0,0,0,0,0,0,0,0,0,0),(3158,0,0,0,0,0,0,0,0,0,0,45,0,0,0,0,0,0,0,0,0,0,0,0,0,0,0,0,0,0),(3159,0,0,0,0,0,0,0,0,0,0,0,15,0,0,0.3,0,0,0,0,0,0,0,0,0,0,0,0,0,0),(3165,0,0,0,0,0,0,0,0,0,80,0,0,0,0,0,0,0,0,0,0,0,0,0,0,0,0,0,0,0),(3170,50,0,0,0,0,0,0,0,0,50,0,0,50,0,0,0,0,0,0,0,0,0,0,0,0,0,0,0,0),(3172,0,0,0,0,0,0,0,0,0,0,0,25,0,0,0.5,0,0,0,0,0,0,0,0,0,0.1,0,0,0,0),(3174,0,0,0,0,0,0,0,0,0,60,0,0,25,0,0,0,0,0,0,0,0,0,0,0,0,0,0,0,0),(3180,0,0,0,0,0,350,0,350,0,0,0,0,50,0,0,0,0,0,0,0,0,0,0,0,0,0,0,0,0),(3181,0,0,0,0,0,0,0,0,0,0,0,45,0,0,0,0,0,0,0,0,0,0,0.1,0,0,0,0,0,0),(3184,0,0,0,0,0,275,0,0,0,0,0,55,0,0,0,0,0,0,0,0,0,0,0,0,0,0,0,0,0),(3185,0,0,0,0,0.3,0,0,0,0,0,0,30,0,0,0,0,0,0,0,0,0,0,0,0,0,0,0,0,0),(3187,25,0,0,0,0,225,0,250,0,0,0,0,0,0,0,0,0,0,0,0,0,0,0,0,0,0,0,0,0),(3190,0,0,0,0,0,400,0,0,0,0,0,0,20,0,0,0,0,0,0,0,0,0,0,0,0,0,0,0,0),(3191,30,0,0,0,0,0,0,0,0,25,0,0,0,0,0,0,0,0,0,0,0,0,0,0,0,0,0,0,0),(3211,0,0,0,0,0,200,0,0,0,0,0,0,35,0,0,0,0,0,0,0,0,0,0,0,0,0,0,0,0),(3222,0,0,0,0,0,0,0,0,0,0,0,0,40,0,0,0,0,0,0,0,0,0,0,0,0,0,0,0,0),(3285,0,0,0,0,0,0,0,0,0,120,0,0,0,0,0,0,0,0,0,0,0,0,0,0,0.07,0,0,0,0),(3290,0,0,0,0,0,0,0,0,0,80,0,0,0,0,0,0,0,0,0,0,0,0,0,0,0.06,0,0,0,0),(3301,0,0,0,0,0,0,0,0,0,0,0,0,0,0,0,0,0,0,0,0,0,0,0,0,0,0,0,0,0),(3302,0,0,0,0,0,75,0,0,0,0,0,0,0,0,0,0,0,0,0,0,0,0,0,0,0,0,0,0,0),(3303,0,0,0,0,0,0,0,0,0,5,0,0,0,0,0,0,0,0,0,0,0,0,0,0,0,0,0,0,0),(3401,0,0,0,0,0,500,0,0,0,0,0,0,0,0,0,0,0,0,0,0,0,0,0,0,0,0,0,0,0),(3504,0,0,0,0,0,0,0,0,0,40,0,0,0,0,0,0,0,0,0,0,0,0,0,0,0,0,0,0,0),(3508,0,0,0,0,0,0,0,0,0,0,0,80,0,0,0,0,0,0,0,0,0,0,0.1,0,0,0,0,0,0),(3512,60,0,0,0,0,0,0,0,0,0,0,0,60,0,0,0,0,0,0,0,0,0,0,0,0,0,0,0,0),(3706,0,0,0,0,0,0,0,0,0,0,0,0,0,0,0,0,0,0,0,0,0,0,0,0,0,0,0,0,0),(3711,0,0,0,0,0,0,0,0,0,0,0,0,0,0,0,0,0,0,0,0,0,0,0,0,0,0,0,0,0),(3713,0,0,0,0,0,0,0,0,0,0,0,0,0,0,0,0,0,0,0,0,0,0,0,0,0,0,0,0,0),(3715,0,0,0,0,0,0,0,0,0,0,0,0,0,0,0,0,0,0,0,0,0,0,0,0,0,0,0,0,0),(3751,0,0,0,0,0,300,0,0,0,0,0,0,0,0,0,0,0,0,0,0,0,0,0,0,0,0,0,0,0),(3800,0,0,0,0,0,650,0,300,0,0,0,0,0,0,0,0,0,0,0,0,0,0,0,0,0,0,0,0,0),(3801,0,0,0,0,0,200,0,0,0,0,0,0,0,0,0,0,0,0,0,0,0,0,0,0,0,0,0,0,0);
/*!40000 ALTER TABLE `lolItemStats` ENABLE KEYS */;
UNLOCK TABLES;

--
-- Table structure for table `lolItems`
--

DROP TABLE IF EXISTS `lolItems`;
/*!40101 SET @saved_cs_client     = @@character_set_client */;
/*!40101 SET character_set_client = utf8 */;
CREATE TABLE `lolItems` (
  `id` int(11) NOT NULL DEFAULT '0',
  `name` varchar(50) DEFAULT NULL,
  `description` varchar(1024) DEFAULT NULL,
  `image` varchar(50) DEFAULT NULL,
  PRIMARY KEY (`id`)
) ENGINE=InnoDB DEFAULT CHARSET=latin1;
/*!40101 SET character_set_client = @saved_cs_client */;

--
-- Dumping data for table `lolItems`
--

LOCK TABLES `lolItems` WRITE;
/*!40000 ALTER TABLE `lolItems` DISABLE KEYS */;
INSERT INTO `lolItems` VALUES (1001,'Boots of Speed','Slightly increases Movement Speed','1001.png'),(1004,'Faerie Charm','Slightly increases Mana Regen','1004.png'),(1006,'Rejuvenation Bead','Slightly increases Health Regen','1006.png'),(1011,'Giant\'s Belt','Greatly increases Health','1011.png'),(1018,'Cloak of Agility','Moderately increases Critical Strike Chance','1018.png'),(1026,'Blasting Wand','Moderately increases Ability Power','1026.png'),(1027,'Sapphire Crystal','Increases Mana','1027.png'),(1028,'Ruby Crystal','Increases Health','1028.png'),(1029,'Cloth Armor','Slightly increases Armor','1029.png'),(1031,'Chain Vest','Greatly increases Armor','1031.png'),(1033,'Null-Magic Mantle','Slightly increases Magic Resist','1033.png'),(1036,'Long Sword','Slightly increases Attack Damage','1036.png'),(1037,'Pickaxe','Moderately increases Attack Damage','1037.png'),(1038,'B. F. Sword','Greatly increases Attack Damage','1038.png'),(1039,'Hunter\'s Machete','Increases combat power against neutral monsters','1039.png'),(1042,'Dagger','Slightly increases Attack Speed','1042.png'),(1043,'Recurve Bow','Greatly increases Attack Speed','1043.png'),(1051,'Brawler\'s Gloves','Slightly increases Critical Strike Chance','1051.png'),(1052,'Amplifying Tome','Slightly increases Ability Power','1052.png'),(1053,'Vampiric Scepter','Basic attacks restore Health','1053.png'),(1054,'Doran\'s Shield','Good defensive starting item','1054.png'),(1055,'Doran\'s Blade','Good starting item for attackers','1055.png'),(1056,'Doran\'s Ring','Good starting item for casters','1056.png'),(1057,'Negatron Cloak','Moderately increases Magic Resist','1057.png'),(1058,'Needlessly Large Rod','Greatly increases Ability Power','1058.png'),(1062,'Prospector\'s Blade','Good starting item for attackers','1062.png'),(1063,'Prospector\'s Ring','Good starting item for casters','1063.png'),(1074,'Doran\'s Shield (Showdown)','Good defensive starting item','1074.png'),(1075,'Doran\'s Blade (Showdown)','Good starting item for attackers','1075.png'),(1076,'Doran\'s Ring (Showdown)','Good starting item for casters','1076.png'),(2041,'Crystalline Flask','Restores Health and Mana over time, refills at shop','2041.png'),(2045,'Ruby Sightstone','Greatly increases Health and provides Stealth Wards over time','2045.png'),(2049,'Sightstone','Increases Health and provides Stealth Wards over time','2049.png'),(2051,'Guardian\'s Horn','Activate for Movement Speed and a defensive boost','2051.png'),(2053,'Raptor Cloak','Enhances Movement Speed near turrets','2053.png'),(3001,'Abyssal Scepter','Reduces Magic Resist of nearby enemies','3001.png'),(3003,'Archangel\'s Staff','Increases Ability Power based on maximum Mana','3003.png'),(3004,'Manamune','Increases Attack Damage based on maximum Mana','3004.png'),(3006,'Berserker\'s Greaves','Enhances Movement Speed and Attack Speed','3006.png'),(3007,'Archangel\'s Staff (Crystal Scar)','Increases Ability Power based on maximum Mana','3007.png'),(3008,'Manamune (Crystal Scar)','Increases Attack Damage based on maximum Mana','3008.png'),(3009,'Boots of Swiftness','Enhances Movement Speed and reduces the effect of slows','3009.png'),(3010,'Catalyst the Protector','Restores Health and Mana upon leveling up','3010.png'),(3020,'Sorcerer\'s Shoes','Enhances Movement Speed and magic damage','3020.png'),(3022,'Frozen Mallet','Basic attacks slow enemies','3022.png'),(3023,'Twin Shadows','Summon wraiths to slow and reveal enemy champions','3023.png'),(3024,'Glacial Shroud','Increases Armor and Cooldown Reduction','3024.png'),(3025,'Iceborn Gauntlet','Basic attacks create a slow field after spell cast','3025.png'),(3026,'Guardian Angel','Periodically revives champion upon death','3026.png'),(3027,'Rod of Ages','Greatly increases Health, Mana, and Ability Power','3027.png'),(3028,'Chalice of Harmony','Greatly increases Mana Regen','3028.png'),(3029,'Rod of Ages (Crystal Scar)','Greatly increases Health, Mana, and Ability Power','3029.png'),(3031,'Infinity Edge','Massively enhances critical strikes','3031.png'),(3035,'Last Whisper','Increases physical damage','3035.png'),(3041,'Mejai\'s Soulstealer','Grants Ability Power for kills and assists','3041.png'),(3044,'Phage','Attacks and kills give a small burst of speed','3044.png'),(3046,'Phantom Dancer','Champion attacks faster and can move through units','3046.png'),(3047,'Ninja Tabi','Enhances Movement Speed and reduces incoming basic attack damage','3047.png'),(3050,'Zeke\'s Herald','Grants nearby allies Life Steal and Attack Damage','3050.png'),(3056,'Ohmwrecker','Temporarily disables enemy turrets','3056.png'),(3057,'Sheen','Grants a bonus to next attack after spell cast','3057.png'),(3060,'Banner of Command','Promotes a siege minion to a more powerful unit','3060.png'),(3065,'Spirit Visage','Increases Health and healing effects','3065.png'),(3067,'Kindlegem','Increases Health and Cooldown Reduction','3067.png'),(3068,'Sunfire Cape','Constantly deals damage to nearby enemies','3068.png'),(3069,'Talisman of Ascension','Increases Health / Mana Regeneration and Cooldown Reduction. Activate to speed up nearby allies.','3069.png'),(3070,'Tear of the Goddess','Increases maximum Mana as Mana is spent','3070.png'),(3071,'The Black Cleaver','Dealing physical damage to enemy champions reduces their Armor','3071.png'),(3072,'The Bloodthirster','Grants Attack Damage, Life Steal and Life Steal now overheals','3072.png'),(3073,'Tear of the Goddess (Crystal Scar)','Increases maximum Mana as Mana is spent','3073.png'),(3074,'Ravenous Hydra (Melee Only)','Melee attacks hit nearby enemies, dealing damage and restoring Health','3074.png'),(3075,'Thornmail','Returns damage taken from basic attacks as magic damage','3075.png'),(3077,'Tiamat (Melee Only)','Melee attacks hit nearby enemies','3077.png'),(3078,'Trinity Force','Tons of Damage','3078.png'),(3082,'Warden\'s Mail','Slows Attack Speed of enemy champions when receiving basic attacks','3082.png'),(3083,'Warmog\'s Armor','Grants massive Health and Health Regen','3083.png'),(3084,'Overlord\'s Bloodmail','Restores Health on kill or assist','3084.png'),(3085,'Runaan\'s Hurricane (Ranged Only)','Ranged attacks fire two bolts at nearby enemies','3085.png'),(3086,'Zeal','Slight bonuses to Critical Strike Chance, Movement Speed and Attack Speed','3086.png'),(3087,'Statikk Shiv','Movement builds charges that release chain lightning on basic attack','3087.png'),(3089,'Rabadon\'s Deathcap','Massively increases Ability Power','3089.png'),(3090,'Wooglet\'s Witchcap','Massively increases Ability Power and can be activated to enter stasis','3090.png'),(3091,'Wit\'s End','Deals bonus magic damage on basic attacks','3091.png'),(3092,'Frost Queen\'s Claim','Chills target area, damaging and slowing enemies caught in the path or explosion','3092.png'),(3093,'Avarice Blade','Grants gold over time and additional gold on kill','3093.png'),(3096,'Nomad\'s Medallion','Grants gold when nearby enemy minions die, Health Regen and Mana Regen','3096.png'),(3097,'Targon\'s Brace','Periodically kill enemy minions to heal and grant gold to a nearby ally','3097.png'),(3098,'Frostfang','Grants gold when you damage an enemy with a Spell or Attack','3098.png'),(3100,'Lich Bane','Grants a bonus to next attack after spell cast','3100.png'),(3101,'Stinger','Increased Attack Speed and Cooldown Reduction','3101.png'),(3102,'Banshee\'s Veil','Periodically blocks enemy abilities','3102.png'),(3104,'Lord Van Damm\'s Pillager','Massively enhances critical strikes','3104.png'),(3105,'Aegis of the Legion','Improves defenses for nearby allies','3105.png'),(3106,'Madred\'s Razors','Basic attacks kill minions and monsters quickly','3106.png'),(3108,'Fiendish Codex','Increases Ability Power and Cooldown Reduction','3108.png'),(3110,'Frozen Heart','Massively increases Armor and slows enemy basic attacks','3110.png'),(3111,'Mercury\'s Treads','Increases Movement Speed and reduces duration of disabling effects','3111.png'),(3112,'Orb of Winter','Grants a shield when out of combat','3112.png'),(3113,'Aether Wisp','Increases Ability Power and Movement Speed','3113.png'),(3114,'Forbidden Idol','Increases Mana Regeneration and Cooldown Reduction','3114.png'),(3115,'Nashor\'s Tooth','Increases Attack Speed, Ability Power, and Cooldown Reduction','3115.png'),(3116,'Rylai\'s Crystal Scepter','Abilities slow enemies','3116.png'),(3117,'Boots of Mobility','Greatly enhances Movement Speed when out of combat','3117.png'),(3122,'Wicked Hatchet','Critical Strikes cause your target to bleed','3122.png'),(3124,'Guinsoo\'s Rageblade','Increases Ability Power and Attack Damage','3124.png'),(3134,'The Brutalizer','Increases physical damage and Cooldown Reduction','3134.png'),(3135,'Void Staff','Increases magic damage','3135.png'),(3136,'Haunting Guise','Increases magic damage','3136.png'),(3137,'Dervish Blade','Activate to remove all debuffs and grant massive Movement Speed','3137.png'),(3139,'Mercurial Scimitar','Activate to remove all debuffs and grant massive Movement Speed','3139.png'),(3140,'Quicksilver Sash','Activate to remove all debuffs','3140.png'),(3141,'Sword of the Occult','Grants Attack Damage for kills and assists','3141.png'),(3142,'Youmuu\'s Ghostblade','Activate to greatly increase Movement Speed and Attack Speed','3142.png'),(3143,'Randuin\'s Omen','Greatly increases defenses, activate to slow nearby enemies','3143.png'),(3144,'Bilgewater Cutlass','Activate to deal magic damage and slow target champion','3144.png'),(3145,'Hextech Revolver','Increases Spell Vamp and Ability Power','3145.png'),(3146,'Hextech Gunblade','Increases Attack Damage and Ability Power, activate to slow a target','3146.png'),(3151,'Liandry\'s Torment','Spell damage burns enemies for a portion of their Health','3151.png'),(3152,'Will of the Ancients','Grants Spell Vamp and Ability Power','3152.png'),(3153,'Blade of the Ruined King','Deals damage based on target\'s Health, can steal Health and Movement Speed','3153.png'),(3154,'Wriggle\'s Lantern','Kills monsters quickly and gain more gold, activate to place a ward','3154.png'),(3155,'Hexdrinker','Increases Attack Damage and Magic Resist','3155.png'),(3156,'Maw of Malmortius','Grants bonus Attack Damage when Health is low','3156.png'),(3157,'Zhonya\'s Hourglass','Activate to become invincible but unable to take actions','3157.png'),(3158,'Ionian Boots of Lucidity','Increases Movement Speed and Cooldown Reduction','3158.png'),(3159,'Grez\'s Spectral Lantern','Kills monsters quickly and gain more gold, activate to reveal a nearby area of the map','3159.png'),(3165,'Morellonomicon','Greatly increases Ability Power and Cooldown Reduction','3165.png'),(3170,'Moonflair Spellblade','Improves defense and reduces duration of disabling effects','3170.png'),(3172,'Zephyr','Improves offense and reduces duration of disabling effects','3172.png'),(3174,'Athene\'s Unholy Grail','Restores maximum Mana on kill or assist','3174.png'),(3180,'Odyn\'s Veil','Improves defense, activate for area magic damage','3180.png'),(3181,'Sanguine Blade','Greatly increases Attack Damage and Life Steal','3181.png'),(3184,'Entropy','Attacks and kills give a small burst of speed, activate to slow enemies','3184.png'),(3185,'The Lightbringer','Critical Strikes cause your target to bleed and be revealed','3185.png'),(3187,'Hextech Sweeper','Activate to reveal a nearby area of the map','3187.png'),(3190,'Locket of the Iron Solari','Activate to shield nearby allies from damage','3190.png'),(3191,'Seeker\'s Armguard','Increases Armor and Ability Power','3191.png'),(3211,'Spectre\'s Cowl','Improves defense and grants regeneration upon being damage','3211.png'),(3222,'Mikael\'s Crucible','Activate to heal and remove all disabling effects from an allied champion','3222.png'),(3285,'Luden\'s Echo','Increases Ability Power and Movement Speed','3285.png'),(3290,'Twin Shadows','Summon wraiths to slow and reveal enemy champions','3290.png'),(3301,'Ancient Coin','Grants gold when nearby minions die that you didn\'t kill','3301.png'),(3302,'Relic Shield','Kill minions periodically to heal and grant gold to a nearby ally','3302.png'),(3303,'Spellthief\'s Edge','Grants gold when you attack enemies','3303.png'),(3401,'Face of the Mountain','Shield an ally from damage based on your Health','3401.png'),(3504,'Ardent Censer','Shield and heal effects on other units grant them Attack Speed briefly','3504.png'),(3508,'Essence Reaver','Grants Attack Damage and Mana Leech based on missing Mana','3508.png'),(3512,'Zz\'Rot Portal','Makes a Voidspawn generating Void Gate to push a lane with.','3512.png'),(3706,'Stalker\'s Blade','Lets your Smite slow Champions','3706.png'),(3711,'Poacher\'s Knife','Makes your Smite give extra gold from the enemy jungle','3711.png'),(3713,'Ranger\'s Trailblazer','Makes your Smite hit all monsters in an area, stunning them.','3713.png'),(3715,'Skirmisher\'s Sabre','Lets your Smite mark Champions, giving you combat power against them.','3715.png'),(3751,'Bami\'s Cinder','Grants Health and Immolate Aura','3751.png'),(3800,'Righteous Glory','Grants Health, Mana. Activate to speed towards enemies and slow them.','3800.png'),(3801,'Crystalline Bracer','Grants Health and Health Regen','3801.png');
/*!40000 ALTER TABLE `lolItems` ENABLE KEYS */;
UNLOCK TABLES;
/*!40103 SET TIME_ZONE=@OLD_TIME_ZONE */;

/*!40101 SET SQL_MODE=@OLD_SQL_MODE */;
/*!40014 SET FOREIGN_KEY_CHECKS=@OLD_FOREIGN_KEY_CHECKS */;
/*!40014 SET UNIQUE_CHECKS=@OLD_UNIQUE_CHECKS */;
/*!40101 SET CHARACTER_SET_CLIENT=@OLD_CHARACTER_SET_CLIENT */;
/*!40101 SET CHARACTER_SET_RESULTS=@OLD_CHARACTER_SET_RESULTS */;
/*!40101 SET COLLATION_CONNECTION=@OLD_COLLATION_CONNECTION */;
/*!40111 SET SQL_NOTES=@OLD_SQL_NOTES */;

-- Dump completed on 2015-03-15 12:08:26
