-- MySQL dump 10.13  Distrib 5.5.41, for debian-linux-gnu (x86_64)
--
-- Host: localhost    Database: csc435
-- ------------------------------------------------------
-- Server version	5.5.41-0ubuntu0.14.04.1

/*!40101 SET @OLD_CHARACTER_SET_CLIENT=@@CHARACTER_SET_CLIENT */;
/*!40101 SET @OLD_CHARACTER_SET_RESULTS=@@CHARACTER_SET_RESULTS */;
/*!40101 SET @OLD_COLLATION_CONNECTION=@@COLLATION_CONNECTION */;
/*!40101 SET NAMES utf8 */;
/*!40103 SET @OLD_TIME_ZONE=@@TIME_ZONE */;
/*!40103 SET TIME_ZONE='+00:00' */;
/*!40014 SET @OLD_UNIQUE_CHECKS=@@UNIQUE_CHECKS, UNIQUE_CHECKS=0 */;
/*!40014 SET @OLD_FOREIGN_KEY_CHECKS=@@FOREIGN_KEY_CHECKS, FOREIGN_KEY_CHECKS=0 */;
/*!40101 SET @OLD_SQL_MODE=@@SQL_MODE, SQL_MODE='NO_AUTO_VALUE_ON_ZERO' */;
/*!40111 SET @OLD_SQL_NOTES=@@SQL_NOTES, SQL_NOTES=0 */;

--
-- Current Database: `csc435`
--

CREATE DATABASE /*!32312 IF NOT EXISTS*/ `csc435` /*!40100 DEFAULT CHARACTER SET latin1 */;

USE `csc435`;

--
-- Table structure for table `wowClass`
--

DROP TABLE IF EXISTS `wowClass`;
/*!40101 SET @saved_cs_client     = @@character_set_client */;
/*!40101 SET character_set_client = utf8 */;
CREATE TABLE `wowClass` (
  `classID` int(11) NOT NULL DEFAULT '0',
  `className` varchar(50) DEFAULT NULL,
  `classBio` varchar(1024) DEFAULT NULL,
  PRIMARY KEY (`classID`)
) ENGINE=InnoDB DEFAULT CHARSET=latin1;
/*!40101 SET character_set_client = @saved_cs_client */;

--
-- Dumping data for table `wowClass`
--

LOCK TABLES `wowClass` WRITE;
/*!40000 ALTER TABLE `wowClass` DISABLE KEYS */;
INSERT INTO `wowClass` VALUES (1,'Warrior','For as long as war has raged, heroes from every race have aimed to master the art of battle. Warriors combine strength, leadership, and a vast knowledge of arms and armor to wreak havoc in glorious combat. Some protect from the front lines with shields, locking down enemies while allies support the warrior from behind with spell and bow. Others forgo the shield and unleash their rage at the closest threat with a variety of deadly weapons.'),(2,'Paladin','This is the call of the paladin: to protect the weak, to bring justice to the unjust, and to vanquish evil from the darkest corners of the world. These holy warriors are equipped with plate armor so they can confront the toughest of foes, and the blessing of the Light allows them to heal wounds and, in some cases, even restore life to the dead.'),(3,'Hunter','From an early age the call of the wild draws some adventurers from the comfort of their homes into the unforgiving primal world outside. Those who endure become hunters. Masters of their environment, they are able to slip like ghosts through the trees and lay traps in the paths of their enemies.'),(4,'Rouge','For rogues, the only code is the contract, and their honor is purchased in gold. Free from the constraints of a conscience, these mercenaries rely on brutal and efficient tactics. Lethal assassins and masters of stealth, they will approach their marks from behind, piercing a vital organ and vanishing into the shadows before the victim hits the ground.'),(5,'Priest','Priests are devoted to the spiritual, and express their unwavering faith by serving the people. For millennia they have left behind the confines of their temples and the comfort of their shrines so they can support their allies in war-torn lands. In the midst of terrible conflict, no hero questions the value of the priestly orders.'),(6,'Death Knight','When the Lich King’s control of his death knights was broken, his former champions sought revenge for the horrors committed under his command. After their vengeance was won, the death knights found themselves without a cause and without a home. One by one they trickled into the land of the living in search of a new purpose.'),(7,'Shaman','Shaman are spiritual guides and practitioners, not of the divine, but of the very elements. Unlike some other mystics, shaman commune with forces that are not strictly benevolent. The elements are chaotic, and left to their own devices, they rage against one another in unending primal fury. It is the call of the shaman to bring balance to this chaos. Acting as moderators among earth, fire, water, and air, shaman summon totems that focus the elements to support the shaman’s allies or punish those who threaten them.'),(8,'Mage','Students gifted with a keen intellect and unwavering discipline may walk the path of the mage. The arcane magic available to magi is both great and dangerous, and thus is revealed only to the most devoted practitioners. To avoid interference with their spellcasting, magi wear only cloth armor, but arcane shields and enchantments give them additional protection. To keep enemies at bay, magi can summon bursts of fire to incinerate distant targets and cause entire areas to erupt, setting groups of foes ablaze.'),(9,'Warlock','In the face of demonic power, most heroes see death. Warlocks see only opportunity. Dominance is their aim, and they have found a path to it in the dark arts. These voracious spellcasters summon demonic minions to fight beside them. At first, they command only the service of imps, but as a warlock’s knowledge grows, seductive succubi, loyal voidwalkers, and horrific felhunters join the dark sorcerer’s ranks to wreak havoc on anyone who stands in their master’s way.'),(10,'Monk','When the pandaren were subjugated by the mogu centuries ago, it was the monks that brought hope to a seemingly dim future. Restricted from using weapons by their slave masters, these pandaren instead focused on harnessing their chi and learning weaponless combat. When the opportunity for revolution struck, they were well-trained to throw off the yoke of oppression.'),(11,'Druid','Druids harness the vast powers of nature to preserve balance and protect life. With experience, druids can unleash nature’s raw energy against their enemies, raining celestial fury on them from a great distance, binding them with enchanted vines, or ensnaring them in unrelenting cyclones.');
/*!40000 ALTER TABLE `wowClass` ENABLE KEYS */;
UNLOCK TABLES;

--
-- Table structure for table `wowClassRoles`
--

DROP TABLE IF EXISTS `wowClassRoles`;
/*!40101 SET @saved_cs_client     = @@character_set_client */;
/*!40101 SET character_set_client = utf8 */;
CREATE TABLE `wowClassRoles` (
  `classID` int(11) NOT NULL DEFAULT '0',
  `roleID` int(11) NOT NULL DEFAULT '0',
  PRIMARY KEY (`classID`,`roleID`),
  CONSTRAINT `wowClassRoles_ibfk_1` FOREIGN KEY (`classID`) REFERENCES `wowClass` (`classID`)
) ENGINE=InnoDB DEFAULT CHARSET=latin1;
/*!40101 SET character_set_client = @saved_cs_client */;

--
-- Dumping data for table `wowClassRoles`
--

LOCK TABLES `wowClassRoles` WRITE;
/*!40000 ALTER TABLE `wowClassRoles` DISABLE KEYS */;
INSERT INTO `wowClassRoles` VALUES (1,0),(1,1),(2,0),(2,1),(2,2),(3,3),(4,1),(5,2),(5,4),(6,0),(6,1),(7,1),(7,2),(7,4),(8,4),(9,4),(10,0),(10,1),(10,2),(11,0),(11,1),(11,2),(11,4);
/*!40000 ALTER TABLE `wowClassRoles` ENABLE KEYS */;
UNLOCK TABLES;

--
-- Table structure for table `wowClassSpells`
--

DROP TABLE IF EXISTS `wowClassSpells`;
/*!40101 SET @saved_cs_client     = @@character_set_client */;
/*!40101 SET character_set_client = utf8 */;
CREATE TABLE `wowClassSpells` (
  `spellID` int(11) NOT NULL DEFAULT '0',
  `classID` int(11) NOT NULL DEFAULT '0',
  `spellName` varchar(50) DEFAULT NULL,
  `spellDesc` varchar(512) DEFAULT NULL,
  `lvl` int(11) DEFAULT NULL,
  PRIMARY KEY (`spellID`,`classID`),
  KEY `classID` (`classID`),
  CONSTRAINT `wowClassSpells_ibfk_1` FOREIGN KEY (`classID`) REFERENCES `wowClass` (`classID`)
) ENGINE=InnoDB DEFAULT CHARSET=latin1;
/*!40101 SET character_set_client = @saved_cs_client */;

--
-- Dumping data for table `wowClassSpells`
--

LOCK TABLES `wowClassSpells` WRITE;
/*!40000 ALTER TABLE `wowClassSpells` DISABLE KEYS */;
INSERT INTO `wowClassSpells` VALUES (0,1,'Battle Stance','An aggressive combat stance that generates Rage from auto attacks',1),(1,1,'Heroic Strike','Instantly deals 3,269 Physical damage. This ability is not on the global cooldown.',1),(2,1,'Ravager','Throw a whirling axe at the target location that inflicts 1,826 damage to enemies within 6 yards every 1 sec. Lasts 10 sec.',1),(3,1,'Charge','Charge to an enemy, rooting it for 1.50 sec. Generates 20 Rage.',3),(4,1,'Victory Rush','Instatnyl attack the target, causing 5,935 damage and healing you for 15% of your maximum health.  Can only be used within 20 sec after you kill an enemy that yields experience or honor.',5),(5,1,'Execute Off-Hand','Atempt to finish off a wounded foe, causing 9,657 Physical damage.  Only usable on enemies that have less than 20% health.',7),(6,1,'Defensive Stance','A tanking combat stance that decreases damage taken by 20%, increases threat generation, and generates 1 Rage every 3 sec while in combat.',9),(7,1,'Taunt','Taunts the target to attack you, and increases threat that you generate against the target for 3 sec.  Using this abikity while in Battle Stance activates Defensive Stance.',12),(8,1,'Shield Charge','Raise your shield and charge a short distance to your target, increasting the damage of Shield Slam, Revenge, and Heroic Strike by 25% for 7 sec.  Maximum 2 charges.',18),(9,1,'Heroic Throw','Throw your weapon at the enemy, causing 1,556 Physical damage. Generates high threat.',22),(10,1,'Pummel','Pummel the target, interrupting spellcasting and preventing any spell in that school from being cast for 4 sec.',24),(11,1,'Hamstring','Maims the enemy for 155 Physical damage, reducing movement speed by 50% for 15 sec.',36),(12,1,'Battle Shout','Increase the attack power of all raid and party members within 100 yards by 10% for 1 hour.  Targets may only have one Shout active on them per Warrior.',42),(13,1,'Intimidating Shout','Causes the targeted enemy to cower in fear, and up to 5 additional enemies within 8 yards to flee.  Targets are disoriented for 8 sec.',52),(14,1,'Berserker Rage','You go berserk, removing and granting immunity to Fear, Sap and Incapacitate effects for 6 sec.',54),(15,1,'Spell Reflection','Raise your shield, reflecting the next spell cast on you.  Lasts 5 sec.',66),(16,1,'Commanding Shout','Increase the Stamina of all party and raid members within 100 yeards by 10% for 1 hour.  Targets may only have one Shout active on them per Warrior.',68),(17,1,'Intervene','Run at high speed toward an ally within 25 yeards, intercepting the next melee or ranged attack within 10 sec while the target remains within 10 yards.',72),(18,1,'Shattering Throw','Throws your weapon at the enemy causing 2,338 damage or removing any invulnerabilities',74),(19,1,'Shield Barrier','Raise your shield, absorbing 4,154 damage for the next 6 sec.  Consumes up to 40 additional Rage to increase the amount absorbed.',81),(20,1,'Heroic Leap','Leap through the air towards a targeted location, slamming down with destructive force to deal 1,544 Physical damage to all enemies within 8 yards.',85),(21,2,'Crusader Strike','',1),(22,2,'Arcing Light','',1),(23,2,'Seal of Command','',3),(24,2,'Judgment','',5),(25,2,'Hammer of Justice','',7),(26,2,'Word of Glory','',9),(27,2,'Righteous Fury','',12),(28,2,'Redemption','',13),(29,2,'Reckoning','',15),(30,2,'Lay on Hands','',16),(31,2,'Divine Shield','',18),(32,2,'Summon Exarchs Elekk','',20),(33,2,'Summon Warhorse','',20),(34,2,'Summon Thalassian Warhorse','',20),(35,2,'Cleanse','',20),(36,2,'Summon Sunwalker Kodo','',20),(37,2,'Hammer of the Righteous','',20),(38,2,'Divine Protection','',26),(39,2,'Blessing of Kings','',30),(40,2,'Seal of Insight','',32),(41,2,'Rebuke','',36),(42,2,'Hammer of Wrath','',38),(43,2,'Summon Thalassian Charger','',40),(44,2,'Summon Great Exarchs Elekk','',40),(45,2,'Summon Great Sunwalker Kodo','',40),(46,2,'Summon Charger','',40),(47,2,'Heart of the Crusiader (Passive)','',44),(48,2,'Turn Evil','',46),(49,2,'Hand of Protection','',48),(50,2,'Hand of Freedom','',52),(51,2,'Hand of Sacrifice','',80),(52,2,'Blessing of Might','',81),(53,3,'Call Pet 1','',1),(54,3,'Revive Pet','',1),(55,3,'Arcane Shot','',1),(56,3,'Steady Shot','',3),(57,3,'Concussive Shot','',8),(58,3,'Call Pet 2','',10),(59,3,'Dismiss Pet','',10),(60,3,'Beast Lore','',10),(61,3,'Tame Beast','',10),(62,3,'Feed Pet','',11),(63,3,'Disengage','',14),(64,3,'Eagle Eye','',16),(65,3,'Mend Pet','',16),(66,3,'Counter Shot','',22),(67,3,'Aspect of the Cheetah','',24),(68,3,'Multi-Shot','',24),(69,3,'Freezing Trap','',28),(70,3,'Feign Death','',32),(71,3,'Tranquilizing Shot','',35),(72,3,'Flare','',38),(73,3,'Explosive Trap','',38),(74,3,'Trueshot Aura (Passive)','',39),(75,3,'Call Pet 3','',42),(76,3,'Misdirection','',42),(77,3,'Ice Trap','',46),(78,3,'Trap Launcher','',48),(79,3,'Distracting Shot','',52),(80,3,'Aspect of the Pack','',56),(81,3,'Call Pet 4','',62),(82,3,'Masters Call','',74),(83,3,'Deterrence','',78),(84,3,'Call Pet 5','',82),(85,3,'Apsect of the Fox','',84),(86,3,'Camouflage','',85),(87,4,'Sinister Strike','',1),(88,4,'Throw','',1),(89,4,'Eviscerate','',3),(90,4,'Stealth','',5),(91,4,'Ambush','',6),(92,4,'Evasion','',8),(93,4,'Deadly Posion','',10),(94,4,'Slap','',12),(95,4,'Slice and Dice','',14),(96,4,'Pick Pocket','',15),(97,4,'Recuperate','',16),(98,4,'Kick','',18),(99,4,'Crippling Posion','',20),(100,4,'Gouge','',22),(101,4,'Pick Lock','',24),(102,4,'Sprint','',26),(103,4,'Distract','',28),(104,4,'Swiftblades Cunning (Passive)','',30),(105,4,'Wound Poison','',30),(106,4,'Cheap Shot','',30),(107,4,'Vanish','',34),(108,4,'Blind','',38),(109,4,'Kidney Shot','',40),(110,4,'Feint','',44),(111,4,'Garrote','',48),(112,4,'Cloak of Shadows','',58),(113,4,'Fleet Footed (Passive)','',62),(114,4,'Preparation','',68),(115,4,'Shiv','',74),(116,4,'Shroud of Concealment','',76),(117,4,'Tricks of the Trade','',78),(118,4,'Crimson Tempest','',83),(119,4,'Smoke Bomb','',85),(120,5,'Smite','',1),(121,5,'Shadow Word: Pain','',3),(122,5,'Power Word: Shield','',5),(123,5,'Flash Heal','',7),(124,5,'Resurrection','',18),(125,5,'Power Word: Fortitude','',22),(126,5,'Fade','',24),(127,5,'Dispel Magic','',26),(128,5,'Mind Sear','',28),(129,5,'Shackle Undead','',32),(130,5,'Levitate','',34),(131,5,'Mind Vision','',42),(132,5,'Shadowfiend','',42),(133,5,'Fear Ward','',54),(134,5,'Prayer of Mending','',68),(135,5,'Mass Dispel','',72),(136,5,'Keap of Faith','',84),(137,6,'Death Coil','',55),(138,6,'Death Grip','',55),(139,6,'Frost Presence','',55),(140,6,'Icy Touch','',55),(141,6,'Blood Boil','',55),(142,6,'Plague Strike','',55),(143,6,'Death Strike','',56),(144,6,'Blood Presence','',57),(145,6,'Mind Freeze','',57),(146,6,'Chains of Ice','',58),(147,6,'Strangulate','',58),(148,6,'Death of Decay','',60),(149,6,'Dark Succor (Passive)','',60),(150,6,'On a Pale Horse (Passive)','',61),(151,6,'Icebound Fortitude','',62),(152,6,'Unholy Presence','',64),(153,6,'Horn of Winter','',65),(154,6,'Path of Frost','',66),(155,6,'Anti-Magic Shell','',68),(156,6,'Control Undead','',69),(157,6,'Raise Ally','',72),(158,6,'Empower Rune Weapon','',76),(159,6,'Army of the Dead','',80),(160,6,'Outbreak','',81),(161,6,'Dark Simulacrum','',85),(162,6,'Soul Reaper','',87),(163,7,'Lighting Bolt','',1),(164,7,'Primal Strike','',3),(165,7,'Healing Surge','',7),(166,7,'Lighting Shield','',8),(167,7,'Purge','',12),(168,7,'Flame Shock','',12),(169,7,'Ancestral Spirit','',14),(170,7,'Ghost Wolf','',15),(180,7,'Searing Totem','',16),(181,7,'Wind Shear','',16),(182,7,'Cleanse Spirit','',18),(183,7,'Frost Shock','',22),(184,7,'Water Walking','',24),(185,7,'Earthbind Totem','',26),(186,7,'Chain Lightning','',28),(187,7,'Healing Stream Totem','',30),(188,7,'Totemic Recall','',30),(189,7,'Reincarnation (Passive)','',32),(190,7,'Astral Recall','',34),(191,7,'Far Sight','',26),(192,7,'Grounding Totem','',38),(193,7,'Tremor Totem','',54),(194,7,'Earth Elemental Totem','',58),(195,7,'Healing Rain','',60),(196,7,'Capacitor Totem','',63),(197,7,'Fire Elemental Totem','',66),(198,7,'Heroism','',70),(199,7,'Bloodlust','',70),(200,7,'Hex','',75),(201,7,'Grace of Air (Passive)','',80),(202,7,'Unleash Life','',81),(203,8,'Frostfire Bolt','',1),(204,8,'Frost Nova','',3),(205,8,'Fire Blast','',5),(206,8,'Blink','',7),(207,8,'Counterspell','',8),(208,8,'Polymorph','',14),(209,8,'Ice Block','',15),(210,8,'Cone of Cold','',28),(211,8,'Remove Curse','',29),(212,8,'Slow Fall','',32),(213,8,'Conjure Refreshment','',38),(214,8,'Invisibility','',56),(215,8,'Arcane Brilliance','',58),(216,8,'Spellsteal','',64),(217,8,'Conjure Refeshment Table','',72),(218,8,'Time Warp','',84),(219,8,'Amplify Magic','',87),(219,9,'Summon Imp','',1),(220,9,'Shadow Bolt','',1),(221,9,'The Codex of Xerrath (Passive)','',1),(222,9,'Corruption','',3),(223,9,'Summon Voidwalker','',8),(224,9,'Create Healthstone','',9),(225,9,'Fear','',14),(226,9,'Soulstone','',18),(227,9,'Summon Succubus','',20),(228,9,'Felsteed','',20),(229,9,'Eye of Kilrogg','',22),(230,9,'Unending Breath','',24),(231,9,'Soul Harvest (Passive)','',27),(232,9,'Summon Felhunter','',29),(233,9,'Enslave Demon','',31),(234,9,'Banish','',32),(235,9,'Dreadsteed','',40),(236,9,'Ritual of Summoning','',42),(237,9,'Summon Infernal','',49),(238,9,'Command Demon','',56),(239,9,'Summon Doomguard','',58),(240,9,'Unending Resolve','',64),(241,9,'Soulshatter','',66),(242,9,'Create Soulwell','',68),(243,9,'Demonic Circle: Summon','',76),(244,9,'Demonic Circle: Teleport','',76),(245,9,'Blood Pact (Passive)','',80),(246,9,'Dark Intent','',82),(247,9,'Demonic Gateway','',87),(247,10,'Jab','',1),(248,10,'Way of the Monk (Passive)','',1),(249,10,'Stance of the Fierce Tiger','',1),(250,10,'Tiger Palm','',3),(251,10,'Roll','',5),(252,10,'Blackout Kick','',7),(253,10,'Tiger Strikes (Passive)','',10),(254,10,'Surging Mist','',12),(255,10,'Provoke','',14),(256,10,'Resuscitate','',18),(257,10,'Detox','',20),(258,10,'Zen Pilgrimage','',20),(259,10,'Touch of Death','',22),(260,10,'Fortifying Brew','',24),(261,10,'Expel Harm','',26),(262,10,'Nimble Brew','',30),(263,10,'Spear Hand Strike','',32),(264,10,'Paralysis','',44),(265,10,'Spinning Crane Kick','',46),(266,10,'Crackling Jade Lighting','',54),(267,10,'Transcendence','',87),(268,10,'Transcendence: Transfer','',87),(269,11,'Wrath','',1),(270,11,'Moonfire','',3),(271,11,'Rejuvenation','',4),(272,11,'Ferocious Bite','',6),(273,11,'Cat Form','',6),(274,11,'Prowl','',6),(275,11,'Shred','',6),(276,11,'Mangle','',8),(277,11,'Mangle','',8),(278,11,'Bear Form','',8),(279,11,'Growl','',8),(280,11,'Entangling Roots','',10),(281,11,'Revive','',12),(282,11,'Teleport: Moonglade','',14),(283,11,'Thrash','',14),(284,11,'Thrash','',14),(285,11,'Travel Form','',16),(286,11,'Sunfire','',18),(287,11,'Dash','',24),(288,11,'Healing Touch','',26),(289,11,'Primal Fury (Passive)','',30),(290,11,'Hurricane','',42),(291,11,'Rebirth','',56),(292,11,'Soothe','',60),(293,11,'Mark of the Wild','',62),(294,11,'Frenzied Regeneration','',68),(295,11,'Cyclone','',78),(296,11,'Stampeding Roar','',84);
/*!40000 ALTER TABLE `wowClassSpells` ENABLE KEYS */;
UNLOCK TABLES;

--
-- Table structure for table `wowRoles`
--

DROP TABLE IF EXISTS `wowRoles`;
/*!40101 SET @saved_cs_client     = @@character_set_client */;
/*!40101 SET character_set_client = utf8 */;
CREATE TABLE `wowRoles` (
  `roleID` int(11) NOT NULL DEFAULT '0',
  `roleName` varchar(50) DEFAULT NULL,
  PRIMARY KEY (`roleID`)
) ENGINE=InnoDB DEFAULT CHARSET=latin1;
/*!40101 SET character_set_client = @saved_cs_client */;

--
-- Dumping data for table `wowRoles`
--

LOCK TABLES `wowRoles` WRITE;
/*!40000 ALTER TABLE `wowRoles` DISABLE KEYS */;
INSERT INTO `wowRoles` VALUES (0,'Tank'),(1,'Melee Damage Dealer'),(2,'Healer'),(3,'Ranged Physical Damage Dealer'),(4,'Ranged Magic Damage Dealer');
/*!40000 ALTER TABLE `wowRoles` ENABLE KEYS */;
UNLOCK TABLES;

--
-- Table structure for table `wowSpecSpells`
--

DROP TABLE IF EXISTS `wowSpecSpells`;
/*!40101 SET @saved_cs_client     = @@character_set_client */;
/*!40101 SET character_set_client = utf8 */;
CREATE TABLE `wowSpecSpells` (
  `spellID` int(11) NOT NULL DEFAULT '0',
  `specID` int(11) NOT NULL DEFAULT '0',
  `spellName` varchar(50) DEFAULT NULL,
  `spellDesc` varchar(512) DEFAULT NULL,
  `lvl` int(11) DEFAULT NULL,
  PRIMARY KEY (`spellID`,`specID`),
  KEY `specID` (`specID`),
  CONSTRAINT `wowSpecSpells_ibfk_1` FOREIGN KEY (`specID`) REFERENCES `wowSpecializations` (`specID`)
) ENGINE=InnoDB DEFAULT CHARSET=latin1;
/*!40101 SET character_set_client = @saved_cs_client */;

--
-- Dumping data for table `wowSpecSpells`
--

LOCK TABLES `wowSpecSpells` WRITE;
/*!40000 ALTER TABLE `wowSpecSpells` DISABLE KEYS */;
INSERT INTO `wowSpecSpells` VALUES (0,0,'Execute','',7),(1,0,'Rend','',7),(2,0,'Mortal Strike','',10),(3,0,'Seasoned Soldier (Passive)','',10),(4,0,'Thunder Clap','',14),(5,0,'Whirlwind','',26),(6,0,'Die by the Sword','',56),(7,0,'Sweeping Strikes','',60),(8,0,'Inspiring Presence (Passive)','',80),(9,0,'Colossus Smash','',81),(10,0,'Shield Barrier','',81),(11,0,'Rallying Cry','',83),(12,0,'Recklessness','',87),(13,0,'Weapon Mastery (Passive)','',90),(14,1,'Execute','',7),(15,1,'Bloodthirst','',10),(16,1,'Crazed Berserker (Passive)','',10),(17,1,'Enrage (Passive)','',14),(18,1,'Wild Strike','',18),(19,1,'Piercing Howl','',19),(20,1,'Whirlwind','',26),(21,1,'Raging Blow','',30),(22,1,'Die by the Sword','',56),(23,1,'Inspiring Presence (Passive)','',80),(24,1,'Shield Barrier','',81),(25,1,'Rallying Cry','',83),(26,1,'Recklessness','',87),(27,1,'Cruelty (Passive)','',90),(28,2,'Execute','',7),(29,2,'Shield Slam','',10),(30,2,'Resolve (Passive)','',10),(31,2,'Tunder Clap','',14),(32,2,'Enrage (Passive)','',14),(33,2,'Shield Block','',18),(34,2,'Devastate','',26),(35,2,'Revenge','',30),(36,2,'Deep Wounds (Passive)','',32),(37,2,'Last Stand','',38),(38,2,'Shield Wall','',48),(39,2,'Demoralizing Shout','',56),(40,2,'Mocking Banner','',87),(41,2,'Blood Craze (Passive)','',90),(42,2,'Shield Mastery (Passive)','',90),(43,3,'Holy Shock','',10),(44,3,'Flash of Light','',14),(45,3,'Denounce','',20),(46,3,'Holy Radiance','',28),(47,3,'Supplication (Passive)','',34),(48,3,'Beacon of Light','',39),(49,3,'Infusion of Light (Passive)','',50),(50,3,'Holy Light','',54),(51,3,'Daybreak (Passive)','',56),(52,3,'Devotion Aura','',60),(53,3,'Light of Dawn','',70),(54,3,'Avenging Wrath','',72),(55,3,'Sanctified Light (Passive)','',90),(56,4,'Avengers Shield','',10),(57,4,'Resolve (Passive)','',10),(58,4,'Flash of Light','',14),(59,4,'Holy Wrath','',20),(60,4,'Consecration','',34),(61,4,'Shield of the Righteous','',40),(62,4,'Seal of Righteousness','',42),(63,4,'Grand Crusader (Passive)','',50),(64,4,'Shining Protector (Passive)','',50),(65,4,'Hand of Salvation','',66),(66,4,'Ardent Defender','',70),(67,4,'Guardian of Ancient Kings','',75),(68,4,'Sacred Duty (Passive)','',90),(69,5,'Templars Verdict','',10),(70,5,'Sword of Light (Passive)','',10),(71,5,'Flash of Light','',14),(72,5,'Seal of Truth','',24),(73,5,'Divine Storm','',34),(74,5,'Supplication (Passive)','',34),(75,5,'Seal of Righteousness','',42),(76,5,'Exorcism','',46),(77,5,'Emancipate','',54),(78,5,'Seal of Justice','',70),(79,5,'Avenging Wrath','',72),(80,5,'Sanctity Aura (Passive)','',80),(81,5,'Righteous Vengeance (Passive)','',90),(82,6,'Kill Command','',10),(83,6,'Beast Cleave (Passive)','',24),(84,6,'Focus Fire','',32),(85,6,'Kill Shot','',35),(86,6,'Bestial Wrath','',40),(87,6,'Cobra Strike (Passive)','',43),(88,6,'Invigoration (Passive)','',63),(89,6,'Cobra Shot','',81),(90,6,'Animal Handler (Passive)','',90),(91,7,'Aimed Shot','',10),(92,7,'Careful Aim (Passive)','',20),(93,7,'Kill Shot','',35),(94,7,'Bombardment (Passive)','',45),(95,7,'Rapid Fire','',54),(96,7,'Chimaera Shot','',60),(97,7,'Lethal Shots (Passive)','',90),(98,8,'Explosive Shot','',10),(99,8,'Survivalist (Passive)','',10),(100,8,'Black Arrow','',50),(101,8,'Entrapment (Passive)','',55),(102,8,'Serpent String (Passive)','',68),(103,8,'Cobra Shot','',81),(104,8,'Lighting Reflexes (Passive)','',90),(105,9,'Mutilate','',10),(106,9,'Envenom','',20),(107,9,'Seal Fate (Passive)','',30),(108,9,'Dispatch','',40),(109,9,'Rupture','',46),(110,9,'Relentless Strikes (Passive)','',54),(111,9,'Fan of Knives','',66),(112,9,'Vendetta','',80),(113,9,'Master Poisoner (Passive)','',90),(114,10,'Blade Furry','',10),(115,10,'Revealing Strike','',20),(116,10,'Combat Potency (Passive)','',30),(117,10,'Ruthlessness (Passive)','',32),(118,10,'Adrenaline Rush','',40),(119,10,'Bandits Guide (Passive)','',60),(120,10,'Killing Spree','',80),(121,11,'Hemorrhage','',10),(122,11,'Sinister Calling (Passive)','',10),(123,11,'Permediation','',30),(124,11,'Backstab','',40),(125,11,'Rupture','',46),(126,11,'Honor Amoung Thieves (Passive)','',50),(127,11,'Relentless Strikes (Passive)','',54),(128,11,'Sanguinary Vein (Passive)','',60),(129,11,'Fan of Knives','',66),(130,11,'Shadow Dance','',80),(131,12,'Penance','',10),(132,12,'Holy Fire','',18),(133,12,'Holy Nova','',20),(134,12,'Purify','',22),(135,12,'Divine Aegis (Passive)','',24),(136,12,'Focused Will (Passive)','',30),(137,12,'Heal','',34),(138,12,'Atonement (Passive)','',38),(139,12,'Evangelism (Passive)','',44),(140,12,'Prayer of Healing','',46),(141,12,'Archangel','',50),(142,12,'Silence','',52),(143,12,'Pain Suppression','',58),(144,12,'Power Word: Barrier','',70),(145,12,'Enlightenment (Passive)','',90),(146,13,'Holy Word: Chastise','',10),(147,13,'Holy Fire','',18),(148,13,'Purify','',22),(149,13,'Renew','',26),(150,13,'Spirit of Redemption (Passive)','',30),(151,13,'Focused Will (Passive)','',30),(152,13,'Heal','',34),(153,13,'Serendipity (Passive)','',34),(154,13,'Lightwell','',36),(155,13,'Prayer of Healing','',46),(156,13,'Binding Heal','',48),(157,13,'Circle of Healing','',50),(158,13,'Chakra: Chastise','',56),(159,13,'Chakra: Sanctuary','',56),(160,13,'Chakra: Serenity','',56),(161,13,'Guardian Spirit','',70),(162,13,'Divine Hymn','',78),(163,13,'Divine Providence (Passive)','',90),(164,14,'Mind Flay','',10),(165,14,'Mind Blast','',21),(166,14,'Devouring Plague','',21),(167,14,'Shadowform','',24),(168,14,'Mind Quickening (Passive)','',26),(169,14,'Vampiric Touch','',28),(170,14,'Shadowy Apparitions (Passive)','',42),(171,14,'Mind Spike','',44),(172,14,'Shadow Word: Death','',46),(173,14,'Slience','',52),(174,14,'Dispersion','',60),(175,14,'Psychic Horror','',74),(176,14,'Vampiric Embrace','',78),(177,14,'Mastermind (Passive)','',90),(178,15,'Crimson Scourge (Passive) ','',10),(179,15,'Resolve (Passive)','',10),(180,15,'Veteran of the Third War (Passive)','',55),(181,15,'Dark Command','',58),(182,15,'Rune Tap','',64),(183,15,'Will of the Necropolis (Passive)','',70),(184,15,'Dancing Rune Weapon','',74),(185,15,'Vampiric Blood','',76),(186,15,'Bone Shield','',78),(187,15,'Power of the Grave (passive)','',80),(188,15,'Runic Strikes (Passive)','',90),(189,16,'Frost Strike','',55),(190,16,'Howling Blast','',55),(191,16,'Icy Talons (Passive)','',55),(192,16,'Obliterate','',58),(193,16,'Unholy Aura (Passive)','',60),(194,16,'Killing Machine (Passive)','',63),(195,16,'Pillar of Frost','',68),(196,16,'Might of the Frozen Wastes (Passive)','',74),(197,17,'Raise Dead','',56),(198,17,'Scourge Strike','',58),(199,17,'Shadow Infusion (Passive)','',60),(200,17,'Unholy Aura (Passive)','',60),(201,17,'Festering Strike','',62),(202,17,'Sudden Doom (Passive)','',64),(203,17,'Dark Transformation','',70),(204,17,'Summon Gargoyle','',74),(205,17,'Necrosis (Passive)','',90),(206,18,'Earth Shock','',6),(207,18,'Thunderstorm','',10),(208,18,'Fulmination (Passive)','',20),(209,18,'Lava Burst','',34),(210,18,'Lava Surge (Passive)','',50),(211,18,'Earthquake','',60),(212,18,'Shamanistic Rage','',65),(213,18,'Unleash Flame','',81),(214,18,'Spiritwalkers Grace','',87),(215,18,'Ascendance','',87),(216,18,'Elemental Overload (Passive)','',90),(217,19,'Lava Lash','',10),(218,19,'Flurry (Passive)','',20),(219,19,'Stormstrike','',26),(220,19,'Enhanced Weapons (Passive)','',30),(221,19,'Magma Totem','',36),(222,19,'Fire Nova','',44),(223,19,'Maelstorm Weapon (Passive)','',50),(224,19,'Feral Spirit','',60),(225,19,'Spirit Walk','',60),(226,19,'Shamanistic Rage','',65),(227,19,'Unleash Elements','',81),(228,19,'Ascendance','',87),(229,19,'Lightning Strikes (Passive)','',90),(230,20,'Riptide','',10),(231,20,'Telluric Currents (Passive)','',10),(232,20,'Purify Spirit','',18),(233,20,'Water Shield','',20),(234,20,'Earth Shield','',26),(235,20,'Lava Burst','',34),(236,20,'Resurgence (Passive)','',40),(237,20,'Chain Heal','',44),(238,20,'Tidal Waves (Passive)','',50),(239,20,'Healing Wave','',60),(240,20,'Healing Tide Totem','',65),(241,20,'Spirit Link Totem','',70),(242,20,'Spiritwalkers Grace','',85),(243,20,'Ascendance','',87),(244,20,'Purification (Passive)','',90),(245,21,'Presence of Mind','',1),(246,21,'Arcane Blast','',10),(247,21,'Arcane Charge (Passive)','',10),(248,21,'Arcane Barrage','',12),(249,21,'Arcane Explosion','',18),(250,21,'Arcane Missiles','',24),(251,21,'Slow','',36),(252,21,'Evocation','',40),(253,21,'Arcane Power','',62),(254,21,'Mage Armor (Passive)','',80),(255,21,'Arcane Mind (Passive)','',90),(256,22,'Pyroblast','',10),(257,22,'Fireball','',12),(258,22,'Scorch','',22),(259,22,'Inferno Blast','',24),(260,22,'Molten Armor (Passive)','',34),(261,22,'Critical Mass (Passive)','',36),(262,22,'Flamestrike','',44),(263,22,'Dragons Breath','',62),(264,22,'Combustion','',80),(265,22,'Incineration (Passive)','',90),(266,23,'Summon Water Elemental','',10),(267,23,'Frostbolt','',12),(268,23,'Shatter (Passive)','',16),(269,23,'Ice Lance','',22),(270,23,'Fingers of Frost (Passive)','',24),(271,23,'Icy Veins','',36),(272,23,'Blizzard','',52),(273,23,'Frost Armor (Passive)','',54),(274,23,'Frozen Orb','',62),(275,23,'Deep Freeze','',66),(276,23,'Brain Freeze (Passive)','',77),(277,23,'Ice Shards (Passive)','',90),(278,24,'Drain Life','',7),(279,24,'Unstable Affliction','',10),(280,24,'Health Funneel','',11),(281,24,'Life Tap','',16),(282,24,'Soulburn','',19),(283,24,'Seed of Corruption','',21),(284,24,'Drain Soul','',24),(285,24,'Agony','',36),(286,24,'Haunt','',60),(287,24,'Soul Swap','',79),(288,24,'Dark Soul: Misery','',84),(289,24,'Eradication (Passive)','',90),(290,25,'Drain Life','',7),(291,25,'Metamorphosis','',10),(292,25,'Molten Core (Passive)','',10),(293,25,'Health Funnel','',11),(294,25,'Demonic Leap','',12),(295,25,'Soul Fire','',13),(296,25,'Life Tap','',16),(297,25,'Hand of Guldan','',19),(298,25,'Helfire','',22),(299,25,'Wild Imps (Passive)','',32),(300,25,'Summon Felguard','',42),(301,25,'Dark Soul: Knowledge','',84),(302,25,'Demonic Tactics (Passive)','',90),(303,26,'Conflagrate','',10),(304,26,'Incinerate','',10),(305,26,'Chaos Bolt','',10),(306,26,'Immolate','',12),(307,26,'Ember Tap','',15),(308,26,'Rain of Fire','',21),(309,26,'Havoc','',36),(310,26,'Shadowburn','',47),(311,26,'Fire and Brimstone','',54),(312,26,'Backdraft (Passive)','',69),(313,26,'Flames of Xoroth','',79),(314,26,'Dark Soul: Instability','',84),(315,26,'Devastation (Passive)','',90),(316,27,'Dizzing Haze','',10),(317,27,'Stance of the Sturdy Ox','',10),(318,27,'Resolve (Passice)','',10),(319,27,'Keg Smash','',11),(320,27,'Breath of Fire','',18),(321,27,'Guard','',26),(322,27,'Elusive Brew','',36),(323,27,'Gift of the Ox (Passive)','',56),(324,27,'Summon Black Ox Statue','',70),(325,27,'Purifying Brew','',75),(326,27,'Legacy of the White Tiger','',81),(327,27,'Zen Meditation','',82),(328,27,'Ferment (Passive)','',90),(329,28,'Stance of the Wise Serpent','',10),(330,28,'Soothing Mist','',10),(331,28,'Stance of the Spirited Crane','',10),(332,28,'Enveloping Mist','',16),(333,28,'Legacy of the Emperor','',22),(334,28,'Renewing Mist','',24),(335,28,'Focus and Harmony (Passive)','',45),(336,28,'Life Cocoon','',50),(337,28,'Mana Tea','',56),(338,28,'Rising Sun Kick','',56),(339,28,'Uplift','',62),(340,28,'Detonate Chi','',64),(341,28,'Thunder Focus Tea','',66),(342,28,'Summon Jade Serpent Statue','',70),(343,28,'Revival','',78),(344,28,'Jade Mists (Passive)','',90),(345,29,'Fists of Fury','',10),(346,29,'Flying Serpent Kick','',18),(347,29,'Touch of Karma','',22),(348,29,'Afterlife (Passive)','',26),(349,29,'Disable','',28),(350,29,'Energizing Brew','',36),(351,29,'Rising Sun Kick','',56),(352,29,'Tigereye Brew','',56),(353,29,'Storm, Earth, and Fire','',75),(354,29,'Windflurry (Passive)','',80),(355,29,'Legacy of the White Tiger','',81),(356,29,'Zen Meditation','',82),(357,29,'Battle Trance (Passive)','',90),(358,30,'Eclispe (Passive)','',10),(359,30,'Starfire','',10),(360,30,'Starsurge','',12),(361,30,'Moonkin Form','',16),(362,30,'Astral Communion','',20),(363,30,'Remove Corruption','',22),(364,30,'Shooting Stars (Passive)','',26),(365,30,'Solar Beam','',28),(366,30,'Natures Birthday','',38),(367,30,'Barkskin','',44),(368,30,'Celestial Alignment','',68),(369,30,'Starfall','',76),(370,30,'Astral Showers (Passive)','',82),(371,30,'Wild Mushroom','',84),(372,30,'Lunar Guidance (Passive)','',90),(373,31,'Rake','',6),(374,31,'Tigers Fury','',10),(375,31,'Savage Roar','',18),(376,31,'Savage Roar','',18),(377,31,'Rip','',20),(378,31,'Remove Corruption','',22),(379,31,'Swipe','',22),(380,31,'Predatory Swiftness (Passive)','',26),(381,31,'Faerie Fire','',28),(382,31,'Omen of Clarity (Passive)','',38),(383,31,'Leader of the Pack (Passive)','',46),(384,31,'Berserk','',48),(385,31,'Survival instincts','',56),(386,31,'Skull Bash','',64),(387,31,'Maim','',82),(388,31,'Sharpened Claws (Passive)','',90),(389,32,'Savage Defense','',10),(390,32,'Resolve (Passive)','',10),(391,32,'Maul','',10),(392,32,'Remove Corruption','',22),(393,32,'Faerie Fire','',28),(394,32,'Tooth and Claw (Passive)','',32),(395,32,'Lacerate','',38),(396,32,'Barkskin','',44),(397,32,'Berserk','',48),(398,32,'Survival Instincts','',399),(399,32,'Skull Bash','',400),(400,32,'Ursa Major (Passive)','',90),(401,32,'Survival of the Fittest (Passive)','',90),(402,33,'Natures Swiftness','',1),(403,33,'Swiftmend','',10),(404,33,'Regrowth','',18),(405,33,'Natures Cure','',22),(406,33,'Living Seed (Passive)','',28),(407,33,'Lifebloom','',36),(408,33,'Omen of Clarity (Passive)','',38),(409,33,'Barskin','',44),(410,33,'Ironbark','',64),(411,33,'Tranquility','',74),(412,33,'Wild Growth','',76),(413,33,'Wild Mushroom','',84),(414,33,'Genesis','',88),(415,33,'Naturalist (Passive)','',90);
/*!40000 ALTER TABLE `wowSpecSpells` ENABLE KEYS */;
UNLOCK TABLES;

--
-- Table structure for table `wowSpecTalents`
--

DROP TABLE IF EXISTS `wowSpecTalents`;
/*!40101 SET @saved_cs_client     = @@character_set_client */;
/*!40101 SET character_set_client = utf8 */;
CREATE TABLE `wowSpecTalents` (
  `talentID` int(11) NOT NULL DEFAULT '0',
  `specID` int(11) NOT NULL DEFAULT '0',
  `talentName` varchar(50) DEFAULT NULL,
  `talentDesc` varchar(512) DEFAULT NULL,
  `lvl` int(11) DEFAULT NULL,
  PRIMARY KEY (`talentID`,`specID`),
  KEY `specID` (`specID`),
  CONSTRAINT `wowSpecTalents_ibfk_1` FOREIGN KEY (`specID`) REFERENCES `wowSpecializations` (`specID`)
) ENGINE=InnoDB DEFAULT CHARSET=latin1;
/*!40101 SET character_set_client = @saved_cs_client */;

--
-- Dumping data for table `wowSpecTalents`
--

LOCK TABLES `wowSpecTalents` WRITE;
/*!40000 ALTER TABLE `wowSpecTalents` DISABLE KEYS */;
/*!40000 ALTER TABLE `wowSpecTalents` ENABLE KEYS */;
UNLOCK TABLES;

--
-- Table structure for table `wowSpecializations`
--

DROP TABLE IF EXISTS `wowSpecializations`;
/*!40101 SET @saved_cs_client     = @@character_set_client */;
/*!40101 SET character_set_client = utf8 */;
CREATE TABLE `wowSpecializations` (
  `specID` int(11) NOT NULL DEFAULT '0',
  `classID` int(11) NOT NULL DEFAULT '0',
  `specName` varchar(50) DEFAULT NULL,
  PRIMARY KEY (`specID`,`classID`),
  KEY `classID` (`classID`),
  CONSTRAINT `wowSpecializations_ibfk_1` FOREIGN KEY (`classID`) REFERENCES `wowClass` (`classID`)
) ENGINE=InnoDB DEFAULT CHARSET=latin1;
/*!40101 SET character_set_client = @saved_cs_client */;

--
-- Dumping data for table `wowSpecializations`
--

LOCK TABLES `wowSpecializations` WRITE;
/*!40000 ALTER TABLE `wowSpecializations` DISABLE KEYS */;
INSERT INTO `wowSpecializations` VALUES (0,1,'Arms'),(1,1,'Fury'),(2,1,'Protection'),(3,2,'Holy'),(4,2,'Protection'),(5,2,'Retribution'),(6,3,'Beast Mastery'),(7,3,'Marksmanship'),(8,3,'Survival'),(9,4,'Assassination'),(10,4,'Combat'),(11,4,'Subtlety'),(12,5,'Discipline'),(13,5,'Holy'),(14,5,'Shadow'),(15,6,'Blood'),(16,6,'Frost'),(17,6,'Unholy'),(18,7,'Elemental'),(19,7,'Enhancement'),(20,7,'Restoration'),(21,8,'Arcane'),(22,8,'Fire'),(23,8,'Frost'),(24,9,'Affliction'),(25,9,'Demonology'),(26,9,'Destruction'),(27,10,'Brewmaster'),(28,10,'Mistweaver'),(29,10,'Windwalker'),(30,11,'Balance'),(31,11,'Feral'),(32,11,'Guardian'),(33,11,'Restoration');
/*!40000 ALTER TABLE `wowSpecializations` ENABLE KEYS */;
UNLOCK TABLES;

--
-- Table structure for table `wowTalents`
--

DROP TABLE IF EXISTS `wowTalents`;
/*!40101 SET @saved_cs_client     = @@character_set_client */;
/*!40101 SET character_set_client = utf8 */;
CREATE TABLE `wowTalents` (
  `talentID` int(11) NOT NULL DEFAULT '0',
  `classID` int(11) NOT NULL DEFAULT '0',
  `specID` int(11) NOT NULL DEFAULT '0',
  `talentName` varchar(50) DEFAULT NULL,
  `talentDesc` varchar(512) DEFAULT NULL,
  `lvl` int(11) DEFAULT NULL,
  PRIMARY KEY (`talentID`,`classID`,`specID`),
  KEY `classID` (`classID`),
  KEY `specID` (`specID`),
  CONSTRAINT `wowTalents_ibfk_1` FOREIGN KEY (`classID`) REFERENCES `wowClass` (`classID`),
  CONSTRAINT `wowTalents_ibfk_2` FOREIGN KEY (`specID`) REFERENCES `wowSpecializations` (`specID`)
) ENGINE=InnoDB DEFAULT CHARSET=latin1;
/*!40101 SET character_set_client = @saved_cs_client */;

--
-- Dumping data for table `wowTalents`
--

LOCK TABLES `wowTalents` WRITE;
/*!40000 ALTER TABLE `wowTalents` DISABLE KEYS */;
INSERT INTO `wowTalents` VALUES (0,1,0,'Juggernaut','',15),(1,1,0,'Double Time','',15),(2,1,0,'Warbringer','',15),(3,1,0,'Enraged Regeneration','',30),(4,1,0,'Second Wind','',30),(5,1,0,'Impending Victory','',30),(6,1,0,'Taste for Blood','',45),(7,1,0,'Sudden Death','',45),(8,1,0,'Slam','',45),(9,1,0,'Storm Bolt','',60),(10,1,0,'Shockwave','',60),(11,1,0,'Dragon Roar','',60),(12,1,0,'Mass Spell Reflection','',75),(13,1,0,'Safeguard','',75),(14,1,0,'Vigilance','',75),(15,1,0,'Avatar','',90),(16,1,0,'Bloodbath','',90),(17,1,0,'Bladestrom','',90),(18,1,0,'Anger Management','',100),(19,1,0,'Ravager','',100),(20,1,0,'Siegebreaker','',100),(21,1,1,'Juggernaut','',15),(22,1,1,'Double Time','',15),(23,1,1,'Warbringer','',15),(24,1,1,'Enraged Regeneration','',30),(25,1,1,'Second Wind','',30),(26,1,1,'Impending Victory','',30),(27,1,1,'Furious Strikes','',45),(28,1,1,'Sudden Death','',45),(29,1,1,'Unquenchable Thirst','',45),(30,1,1,'Storm Bolt','',60),(31,1,1,'Shockwave','',60),(32,1,1,'Dragon Roar','',60),(33,1,1,'Mass Spell Reflection','',75),(34,1,1,'Safeguard','',75),(35,1,1,'Vigilance','',75),(36,1,1,'Avatar','',90),(37,1,1,'Bloodbath','',90),(38,1,1,'Bladestorm','',90),(39,1,1,'Anger Management','',100),(40,1,1,'Ravager','',100),(41,1,1,'Seigebreaker','',100),(42,1,2,'Juggernaut','',15),(43,1,2,'Double Time','',15),(44,1,2,'Warbringer','',15),(45,1,2,'Enraged Regeneration','',30),(46,1,2,'Second Wind','',30),(47,1,2,'Impending Victory','',30),(48,1,2,'Heavy Repercussions','',45),(49,1,2,'Sudden Death','',45),(50,1,2,'Unyielding Strikes','',45),(51,1,2,'Storm Bolt','',60),(52,1,2,'Shockwave','',60),(53,1,2,'Dragon Roar','',60),(54,1,2,'Mass Spell Reflection','',75),(55,1,2,'Safeguard','',75),(56,1,2,'Vigilance','',75),(57,1,2,'Avatar','',90),(58,1,2,'Bloodbath','',90),(59,1,2,'Bladestorm','',90),(60,1,2,'Anger Management','',100),(61,1,2,'Ravger','',100),(62,1,2,'Gladiators Resolve','',100),(63,2,3,'Speed of Light','',15),(64,2,3,'Long Arm of the Law','',15),(65,2,3,'Pursuit of Justice','',15),(66,2,3,'Fist of Justice','',30),(67,2,3,'Repentance','',30),(68,2,3,'Blinding Light','',30),(69,2,3,'Selfless Healer','',45),(70,2,3,'Eternal Flame','',45),(71,2,3,'Sacred Shield','',45),(72,2,3,'Hand of Purity','',60),(73,2,3,'Unbreakable Spirit','',60),(74,2,3,'Clemency','',60),(75,2,3,'Holy Avenger','',75),(76,2,3,'Sanctified Wrath','',75),(77,2,3,'Divine Purpose','',75),(78,2,3,'Holy Prism','',90),(79,2,3,'Lights Hammer','',90),(80,2,3,'Execution Sentence','',90),(81,2,3,'Beacon of Faith','',100),(82,2,3,'Beacon of insight','',100),(83,2,3,'Saved by the Light','',100),(84,2,4,'Speed of Light','',15),(85,2,4,'Long Arm of the Law','',15),(86,2,4,'Pursuit of Justice','',15),(87,2,4,'Fist of Justice','',30),(88,2,4,'Repentance','',30),(89,2,4,'Binding Light','',30),(90,2,4,'Selfless Healer','',45),(91,2,4,'Eternal Flame','',45),(92,2,4,'Sacred Shield','',45),(93,2,4,'Hand of Purity','',60),(94,2,4,'Unbreakable Spirit','',60),(95,2,4,'Clemency','',60),(96,2,4,'Holy Avenger','',75),(97,2,4,'Sanctified Wrath','',75),(98,2,4,'Divine Purpose','',75),(99,2,4,'Holy Prism','',90),(100,2,4,'Lights Hammer','',90),(101,2,4,'Execution Sentence','',90),(102,2,4,'Emposered Seals','',100),(103,2,4,'Seraphim','',100),(104,2,4,'Holy Shield','',100),(105,2,5,'Speed of Light','',15),(106,2,5,'Long Arm of the Law','',15),(107,2,5,'Pursuit of Justice','',15),(108,2,5,'Fist of Justice','',30),(109,2,5,'Repentance','',30),(110,2,5,'Blinding Light','',30),(111,2,5,'Selfless Healer','',45),(112,2,5,'Eternal Flame','',45),(113,2,5,'Sacred Shield','',45),(114,2,5,'Hand of Purity','',60),(115,2,5,'Unbreakable Spirit','',60),(116,2,5,'Clemency','',60),(117,2,5,'Holy Avenger','',75),(118,2,5,'Sanctified Wrath','',75),(119,2,5,'Divine Purpose','',75),(120,2,5,'Holy Prism','',90),(121,2,5,'Lights Hammer','',90),(122,2,5,'Execution Sentence','',90),(123,2,5,'Empowered Seals','',100),(124,2,5,'Seraphim','',100),(125,2,5,'Final Verdict','',100),(126,3,6,'Posthaste','',15),(127,3,6,'Narrow Escape','',15),(128,3,6,'Crouching Tiger, Hidden Chimaera','',15),(129,3,6,'Binding Shot','',30),(130,3,6,'Wyvern Sting','',30),(131,3,6,'Intimidation','',30),(132,3,6,'Exhilaration','',45),(133,3,6,'Iron Hawk','',45),(134,3,6,'Spirit Bond','',45),(135,3,6,'Steady Focus','',60),(136,3,6,'Dire Beast','',60),(137,3,6,'Thrill of the Hunt','',60),(138,3,6,'A Murder of Crows','',75),(139,3,6,'Blink Strikes','',75),(140,3,6,'Stampede','',75),(141,3,6,'Glaive Toss','',90),(142,3,6,'Powershot','',90),(143,3,6,'Barrage','',90),(144,3,6,'Exotic Munitions','',100),(145,3,6,'Focusing Shot','',100),(146,3,6,'Adaptation','',100),(147,3,7,'Posthaste','',15),(148,3,7,'Narrow Escape','',15),(149,3,7,'Crouching Tiger, Hidden Chimaera','',15),(150,3,7,'Binding Shot','',30),(151,3,7,'Wyvern Sting','',30),(152,3,7,'Intimidation','',30),(153,3,7,'Exhilaration','',45),(154,3,7,'Iron Hawk','',45),(155,3,7,'Spirit Bond','',45),(156,3,7,'Steady Focus','',60),(157,3,7,'Dire Beast','',60),(158,3,7,'Thrill of the Hunt','',60),(159,3,7,'A Murder of Crows','',75),(160,3,7,'Blink Strikes','',75),(161,3,7,'Stampede','',75),(162,3,7,'Glaive Toss','',90),(163,3,7,'Powershot','',90),(164,3,7,'Barrage','',90),(165,3,7,'Exotic Munitions','',100),(166,3,7,'Focusing Shot','',100),(167,3,7,'Lone Wolf','',100),(168,3,8,'Posthaste','',15),(169,3,8,'Narrow Escape','',15),(170,3,8,'Crouching Tiger, Hidden Chimaera','',15),(171,3,8,'Binding Shot','',30),(172,3,8,'Wyvern Sting','',30),(173,3,8,'Intimidation','',30),(174,3,8,'Exhilaration','',45),(175,3,8,'Iron Hawk','',45),(176,3,8,'Spirit Bond','',45),(177,3,8,'Steady Focus','',60),(178,3,8,'Dire Beast','',60),(179,3,8,'Thrill of the Hunt','',60),(180,3,8,'A Murder of Crows','',75),(181,3,8,'Blink Strikes','',75),(182,3,8,'Stampede','',75),(183,3,8,'Glaive Toss','',90),(184,3,8,'Powershot','',90),(185,3,8,'Barrage','',90),(186,3,8,'Exotic Munitions','',100),(187,3,8,'Focusing Shot','',100),(188,3,8,'Lone Wolf','',100),(189,4,9,'Nightstalker','',15),(190,4,9,'Subterfuge','',15),(191,4,9,'Shadow Focus','',15),(192,4,9,'Deadly Throw','',30),(193,4,9,'Nerve Strike','',30),(194,4,9,'Combate Readiness','',30),(195,4,9,'Cheat Death','',45),(196,4,9,'Leeching Posion','',45),(197,4,9,'Elusiveness','',45),(198,4,9,'Cloak and Dagger','',60),(199,4,9,'Shadowstep','',60),(200,4,9,'Burst of Speed','',60),(201,4,9,'Prey on the Weak','',75),(202,4,9,'Internal Bleeding','',75),(203,4,9,'Dirty Tricks','',75),(204,4,9,'Shuriken Toss','',90),(205,4,9,'Marked for Death','',90),(206,4,9,'Anticipation','',90),(207,4,9,'Venom Rush','',100),(208,4,9,'Shadow Reflection','',100),(209,4,9,'Death from Above','',100),(210,4,10,'Nightstalker','',15),(211,4,10,'Subterfuge','',15),(212,4,10,'Shadow Focus','',15),(213,4,10,'Deadly Throw','',30),(214,4,10,'Nerve Strike','',30),(215,4,10,'Combate Readiness','',30),(216,4,10,'Cheat Death','',45),(217,4,10,'Leeching Posion','',45),(218,4,10,'Elusiveness','',45),(219,4,10,'Cloak and Dagger','',60),(220,4,10,'Shadowstep','',60),(221,4,10,'Burst of Speed','',60),(222,4,10,'Prey on the Weak','',75),(223,4,10,'Internal Bleeding','',75),(224,4,10,'Dirty Tricks','',75),(225,4,10,'Shuriken Toss','',90),(226,4,10,'Marked for Death','',90),(227,4,10,'Anticipation','',90),(228,4,10,'Venom Rush','',100),(229,4,10,'Shadow Reflection','',100),(230,4,10,'Death from Above','',100),(231,4,11,'Nightstalker','',15),(232,4,11,'Subterfuge','',15),(233,4,11,'Shadow Focus','',15),(234,4,11,'Deadly Throw','',30),(235,4,11,'Nerve Strike','',30),(236,4,11,'Combate Readiness','',30),(237,4,11,'Cheat Death','',45),(238,4,11,'Leeching Posion','',45),(239,4,11,'Elusiveness','',45),(240,4,11,'Cloak and Dagger','',60),(241,4,11,'Shadowstep','',60),(242,4,11,'Burst of Speed','',60),(243,4,11,'Prey on the Weak','',75),(244,4,11,'Internal Bleeding','',75),(245,4,11,'Dirty Tricks','',75),(246,4,11,'Shuriken Toss','',90),(247,4,11,'Marked for Death','',90),(248,4,11,'Anticipation','',90),(249,4,11,'Venom Rush','',100),(250,4,11,'Shadow Reflection','',100),(251,4,11,'Death from Above','',100),(252,5,12,'Desprate Prayer','',15),(253,5,12,'Spectral Guise','',15),(254,5,12,'Angelic Bulwark','',15),(255,5,12,'Body and Soul','',30),(256,5,12,'Angelic Feather','',30),(257,5,12,'Phantasm','',30),(258,5,12,'Surge of Light','',45),(259,5,12,'Mindbender','',45),(260,5,12,'Power Word: Solace','',45),(261,5,12,'Void Tendrils','',60),(262,5,12,'Psychic Scream','',60),(263,5,12,'Dominate Mind','',60),(264,5,12,'Twist of Fate','',75),(265,5,12,'Power Infusion','',75),(266,5,12,'Spirit Shell','',75),(267,5,12,'Cascade','',90),(268,5,12,'Divine Star','',90),(269,5,12,'Halo','',90),(270,5,12,'Clarity of Will','',100),(271,5,12,'Words of Mending','',100),(272,5,12,'Saving Grace','',100),(273,5,13,'Desprate Prayer','',15),(274,5,13,'Spectral Guise','',15),(275,5,13,'Angelic Bulwark','',15),(276,5,13,'Body and Soul','',30),(277,5,13,'Angelic Feather','',30),(278,5,13,'Phantasm','',30),(279,5,13,'Surge of Light','',45),(280,5,13,'Mindbender','',45),(281,5,13,'Power Word: Solace','',45),(282,5,13,'Void Tendrils','',60),(283,5,13,'Psychic Scream','',60),(284,5,13,'Dominate Mind','',60),(285,5,13,'Twist of Fate','',75),(286,5,13,'Power Infusion','',75),(287,5,13,'Devine Insight','',75),(288,5,13,'Cascade','',90),(289,5,13,'Divine Star','',90),(290,5,13,'Halo','',90),(291,5,13,'Clarity of Purpose','',100),(292,5,13,'Words of Mending','',100),(293,5,13,'Saving Grace','',100),(294,5,14,'Desperate Prayer','',15),(295,5,14,'Spectral Guise','',15),(296,5,14,'Angelic Bulwark','',15),(297,5,14,'Body and Soul','',30),(298,5,14,'Angelic Feather','',30),(299,5,14,'Phantasm','',30),(300,5,14,'Surge of Darkness','',45),(301,5,14,'mindbender','',45),(302,5,14,'Insanity','',45),(303,5,14,'Void Tendrils','',60),(304,5,14,'Psychic Scream','',60),(305,5,14,'Dominate Mind','',60),(306,5,14,'Twist of Fate','',75),(307,5,14,'Power Infusion','',75),(308,5,14,'Shadowy Insight','',75),(309,5,14,'Cascade','',90),(310,5,14,'Divine Star','',90),(311,5,14,'Halo','',90),(312,5,14,'Clarity of Power','',100),(313,5,14,'Void Entropy','',100),(314,5,14,'Auspicious Spirits','',100),(315,6,15,'Plague Bearer','',56),(316,6,15,'Plague Leech','',56),(317,6,15,'Unholy Blight','',56),(318,6,15,'Lichborne','',57),(319,6,15,'Anti-Magic Zone','',57),(320,6,15,'Purgatory','',57),(321,6,15,'Deaths Advance','',58),(322,6,15,'Chilblanis','',58),(323,6,15,'Asphyziate','',58),(324,6,15,'Blood Tap','',60),(325,6,15,'Runic Empowerment','',60),(326,6,15,'Runic Corruption','',60),(327,6,15,'Death Pact','',75),(328,6,15,'Death Siphon','',75),(329,6,15,'Conversion','',75),(330,6,15,'Gorefiends Grasp','',90),(331,6,15,'Remoreseless Winter','',90),(332,6,15,'Descrated Ground','',90),(333,6,15,'Necrotic Plague','',100),(334,6,15,'Defile','',100),(335,6,15,'Breath of Sindragosa','',100),(336,6,16,'Plaguebearer','',56),(337,6,16,'Plague Leech','',56),(338,6,16,'Unholy Blight','',56),(339,6,16,'Lichborne','',57),(340,6,16,'Anti-Magic Zone','',57),(341,6,16,'Purgatory','',57),(342,6,16,'Deaths Advance','',58),(343,6,16,'Chilblains','',58),(344,6,16,'Asphyxiate','',58),(345,6,16,'Blood Tap','',60),(346,6,16,'Runic Empowerment','',60),(347,6,16,'Runic Corruption','',60),(348,6,16,'Death Pact','',75),(349,6,16,'Death Siphon','',75),(350,6,16,'Conversion','',75),(351,6,16,'Gorefiends Grasp','',90),(352,6,16,'Remoreseless Winter','',90),(353,6,16,'Desecrated Ground','',90),(354,6,16,'Necrotic Plague','',100),(355,6,16,'Defile','',100),(356,6,16,'Breath of Sindragosa','',100),(357,6,17,'Plaguebearer','',56),(358,6,17,'Plague Leech','',56),(359,6,17,'Unholy Blight','',56),(360,6,17,'Linchborne','',57),(361,6,17,'Anti-Magic Zone','',57),(362,6,17,'Purgatory','',57),(363,6,17,'Deaths Advance','',58),(364,6,17,'Chilblains','',58),(365,6,17,'Asphyxiate','',58),(366,6,17,'Blood Tap','',60),(367,6,17,'Runic Empowerment','',60),(368,6,17,'Runic Corruption','',60),(369,6,17,'Death Pact','',75),(370,6,17,'Death Siphon','',75),(371,6,17,'Conversion','',75),(372,6,17,'Gorefiends Grasp','',90),(373,6,17,'Remoreseless Winter','',90),(374,6,17,'Descrated Ground','',90),(375,6,17,'Necrotic Plague','',100),(376,6,17,'Defile','',100),(377,6,17,'Breath of Sindragosa','',100),(378,7,18,'Natures Guardian','',15),(379,7,18,'Stone Bulwark Totem','',15),(380,7,18,'Astral Shift','',15),(381,7,18,'Frozen Power','',30),(382,7,18,'Earthgrab Totem','',30),(383,7,18,'Windwalk Totem','',30),(384,7,18,'Call of the Elements','',45),(385,7,18,'Totemic Persistence','',45),(386,7,18,'Totemic Projection','',45),(387,7,18,'Elemental Mastery','',60),(388,7,18,'Ancestral Swiftness','',60),(389,7,18,'Echo of the Elements','',60),(390,7,18,'Rushing Streams','',75),(391,7,18,'Ancestral Guidance','',75),(392,7,18,'Conductivity','',75),(393,7,18,'Unleashed Fury','',90),(394,7,18,'Primal Elementalist','',90),(395,7,18,'Elemental Blast','',90),(396,7,18,'Elemental Fusion','',100),(397,7,18,'Storm Elemental Totem','',100),(398,7,18,'Liquid Magma','',100),(399,7,19,'Natures Guardian','',15),(400,7,19,'Stone Bulwark Totem','',15),(401,7,19,'Astral Shift','',15),(402,7,19,'Frozen Power','',30),(403,7,19,'Earthgrap Totem','',30),(404,7,19,'Windwalk Totem','',30),(405,7,19,'Call of the Elements','',45),(406,7,19,'Totemic Persistence','',45),(407,7,19,'Totemic Projection','',45),(408,7,19,'Elemental Mastery','',60),(409,7,19,'Ancestral Swiftness','',60),(410,7,19,'Echo of the Elements','',60),(411,7,19,'Rushing Streams','',75),(412,7,19,'Ancestral Guidance','',75),(413,7,19,'Conductivity','',75),(414,7,19,'Unleashed Fury','',90),(415,7,19,'Primal Elementalist','',90),(416,7,19,'Elemental Blast','',90),(417,7,19,'Elemental Fusion','',100),(418,7,19,'Storm Elemental Totem','',100),(419,7,19,'','Liquid Magma',100),(420,7,20,'Natures Guardian','',15),(421,7,20,'Stone Bulwark Totem','',15),(422,7,20,'Astral Shift','',15),(423,7,20,'Frozen Power','',30),(424,7,20,'Earthgrab Totem','',30),(425,7,20,'Windwalk Totem','',30),(426,7,20,'Call of the Elements','',45),(427,7,20,'Totemic Persistence','',45),(428,7,20,'Totemic Projection','',45),(429,7,20,'Elemental Mastery','',60),(430,7,20,'Ancestral Swiftness','',60),(431,7,20,'Echo of the Elements','',60),(432,7,20,'Rushing Streams','',75),(433,7,20,'Ancestral Guidance','',75),(434,7,20,'Conductivity','',75),(435,7,20,'Unleashed Fury','',90),(436,7,20,'Primal Elementalist','',90),(437,7,20,'Elemental Blast','',90),(438,7,20,'Cloudburst Totem','',100),(439,7,20,'Storm Elemental Totem','',100),(440,7,20,'High Tide','',100),(441,8,21,'Evanesce','',15),(442,8,21,'Blazing Speed','',15),(443,8,21,'Ice Floes','',15),(444,8,21,'Alter Time','',30),(445,8,21,'Flameglow','',30),(446,8,21,'Ice Barrier','',30),(447,8,21,'Ring of Frost','',45),(448,8,21,'Ice Ward','',45),(449,8,21,'Frostjaw','',45),(450,8,21,'Greater Invisibility','',60),(451,8,21,'Cauterize','',60),(452,8,21,'Clod Snap','',60),(453,8,21,'Nether Tempest','',75),(454,8,21,'Unstable Magic','',75),(455,8,21,'Supernova','',75),(456,8,21,'Mirror Image','',90),(457,8,21,'Rune of Power','',90),(458,8,21,'Incanters Flow','',90),(459,8,21,'Overpowered','',100),(460,8,21,'Prismatic Crystal','',100),(461,8,21,'Arcane Orb','',100),(462,8,22,'Evanesce','',15),(463,8,22,'Blazing Speed','',15),(464,8,22,'Ice Floes','',15),(465,8,22,'Alter Time','',30),(466,8,22,'Flameglow','',30),(467,8,22,'Ice Barrier','',30),(468,8,22,'Ring of Frost','',45),(469,8,22,'Ice Ward','',45),(470,8,22,'Frostjaw','',45),(471,8,22,'Greater Invisibility','',60),(472,8,22,'Cauterize','',60),(473,8,22,'Cold Snap','',60),(474,8,22,'Living Bomb','',75),(475,8,22,'Unstable Magic','',75),(476,8,22,'Blast Wave','',75),(477,8,22,'Mirror Image','',90),(478,8,22,'Rune of Power','',90),(479,8,22,'Incanters Flow','',90),(480,8,22,'Kindling','',100),(481,8,22,'Prismatic Crystal','',100),(482,8,22,'Meteor','',100),(483,8,23,'Evanesce','',15),(484,8,23,'Blazing Speed','',15),(485,8,23,'Ice Floes','',15),(486,8,23,'Alter Time','',30),(487,8,23,'Flameglow','',30),(488,8,23,'Ice Barrier','',30),(489,8,23,'Ring of Frost','',45),(490,8,23,'Ice Ward','',45),(491,8,23,'Frostjaw','',45),(492,8,23,'Greater Invisibility','',60),(493,8,23,'Cauterize','',60),(494,8,23,'Cold Snap','',60),(495,8,23,'Frost Bomb','',75),(496,8,23,'Unstable Magic','',75),(497,8,23,'Ice Nova','',75),(498,8,23,'Mirror Image','',90),(499,8,23,'Rune of Power','',90),(500,8,23,'Incanters Flow','',90),(501,8,23,'Thermal Void','',100),(502,8,23,'Prismatic Crystal','',100),(503,8,23,'Comet Storm','',100),(504,9,24,'Dark Regeneration','',15),(505,9,24,'Soul Leech','',15),(506,9,24,'Harvest Life','',15),(507,9,24,'Howl of Terror','',30),(508,9,24,'Mortal Coil','',30),(509,9,24,'Shadowfury','',30),(510,9,24,'Soul Link','',45),(511,9,24,'Sacrifical Pact','',45),(512,9,24,'Drak Bargain','',45),(513,9,24,'Blood Horror','',60),(514,9,24,'Burning Rush','',60),(515,9,24,'Unbound Will','',60),(516,9,24,'Grimoire of Supremacy','',75),(517,9,24,'Grimoire of Service','',75),(518,9,24,'Gro,pore pf Sacrofoce','',75),(519,9,24,'Archimondes Darkness','',90),(520,9,24,'Kil jaedens Cunning','',90),(521,9,24,'Mannoroths Fury','',90),(522,9,24,'Soulburn: Haunt','',100),(523,9,24,'Cataclysm','',100),(524,9,24,'Demonic Servitude','',100),(525,9,25,'Dark Regeneration','',15),(526,9,25,'Soul Leech','',15),(527,9,25,'Harvest Life','',15),(528,9,25,'Howl of Terror','',30),(529,9,25,'Mortal Coil','',30),(530,9,25,'Shadowfury','',30),(531,9,25,'Soul Link','',45),(532,9,25,'Sacrificaial Pact','',45),(533,9,25,'Dark Bargain','',45),(534,9,25,'Blood Horror','',60),(535,9,25,'Burning Rush','',60),(536,9,25,'Unbound Will','',60),(537,9,25,'Grimoire of Superemacy','',75),(538,9,25,'Grimoire of Service','',75),(539,9,25,'Grimoire of Synergy','',75),(540,9,25,'Archimondes Darkness','',90),(541,9,25,'Kiljaedens Cunning','',90),(542,9,25,'Mannoroths Fury','',90),(543,9,25,'Demonbolt','',100),(544,9,25,'Cataclysm','',100),(545,9,25,'Demonic Servitude','',100),(546,9,26,'Dark Regeneration','',15),(547,9,26,'Soul Leech','',15),(548,9,26,'Searing Flames','',15),(549,9,26,'Howl of Terror','',30),(550,9,26,'Mortal Coil','',30),(551,9,26,'Shadowfury','',30),(552,9,26,'Soul Link','',45),(553,9,26,'Sacrifical Pact','',45),(554,9,26,'Dark Bargain','',45),(555,9,26,'Blood Horror','',60),(556,9,26,'Burning Rush','',60),(557,9,26,'Unbound Will','',60),(558,9,26,'Grimoire of Supermacy','',75),(559,9,26,'Grimoire of Service','',75),(560,9,26,'Grimoire of Sacrifice','',75),(561,9,26,'Archimondes Darkness','',90),(562,9,26,'Kil jaedens Cunning','',90),(563,9,26,'Mannoroths Fury','',90),(564,9,26,'Charred Remains','',100),(565,9,26,'Cataclysm','',100),(566,9,26,'Demonic Servitude','',100),(567,10,27,'Celerity','',15),(568,10,27,'Tigers Lust','',15),(569,10,27,'Momentum','',15),(570,10,27,'Chi Wave','',30),(571,10,27,'Zen Sphere','',30),(572,10,27,'Chi Burst','',30),(573,10,27,'Power Strikes','',45),(574,10,27,'Ascension','',45),(575,10,27,'Chi Brew','',45),(576,10,27,'Ring of Peace','',60),(577,10,27,'Charging Ox Wave','',60),(578,10,27,'Leg Sweep','',60),(579,10,27,'Healing Elixirs','',75),(580,10,27,'Dampen Harm','',75),(581,10,27,'Diffuse Magic','',75),(582,10,27,'Rushing Jade Wind','',90),(583,10,27,'Invoke Xuen, the White Tiger','',90),(584,10,27,'Chi Torpedo','',90),(585,10,27,'Soul Dance','',100),(586,10,27,'Chi Explosion','',100),(587,10,27,'Serenity','',100),(588,10,28,'Celerity','',15),(589,10,28,'Tigers Lust','',15),(590,10,28,'Momentum','',15),(591,10,28,'Chi Wave','',30),(592,10,28,'Zen Sphere','',30),(593,10,28,'Chi Burst','',30),(594,10,28,'Power Strikes','',45),(595,10,28,'Ascension','',45),(596,10,28,'Chi Brew','',45),(597,10,28,'Ring of Peace','',60),(598,10,28,'Charging Ox Wave','',60),(599,10,28,'Leg Sweep','',60),(600,10,28,'Healing Elixers','',75),(601,10,28,'Dampen Harm','',75),(602,10,28,'Diffuse Magic','',75),(603,10,28,'Rushing Jade Wind','',90),(604,10,28,'Invoke Xuen, the White Tiger','',90),(605,10,28,'Chi Torpedo','',90),(606,10,28,'Breath of the Serpent','',100),(607,10,28,'Chi Explosion','',100),(608,10,28,'Pool of Mists','',100),(609,10,29,'Celerity','',15),(610,10,29,'Tigers Lust','',15),(611,10,29,'Momentum','',15),(612,10,29,'Chi Wave','',30),(613,10,29,'Zen Sphere','',30),(614,10,29,'Chi Burst','',30),(615,10,29,'Power Strikes','',45),(616,10,29,'Ascension','',45),(617,10,29,'Chi Brew','',45),(618,10,29,'Ring of Peace','',60),(619,10,29,'Charging Ox Wave','',60),(620,10,29,'Leg Sweep','',60),(621,10,29,'Healing Elixers','',75),(622,10,29,'Dampen Harm','',75),(623,10,29,'Diffuse Magic','',75),(624,10,29,'Rushing Jade Wind','',90),(625,10,29,'Invoke Xuen, the White Tiger','',90),(626,10,29,'Chi Torpedo','',90),(627,10,29,'Hurricane Strike','',100),(628,10,29,'Chi Explosion','',100),(629,10,29,'Serenity','',100),(630,11,30,'Feline Swiftness','',15),(631,11,30,'Displacer Beast','',15),(632,11,30,'Wild Charge','',15),(633,11,30,'Yseras Gift','',30),(634,11,30,'Renewal','',30),(635,11,30,'Cenarion Ward','',30),(636,11,30,'Faerie Swarm','',45),(637,11,30,'Mass Entanglement','',45),(638,11,30,'Typhoon','',45),(639,11,30,'Soul of the Forest','',60),(640,11,30,'Incarnation: Chosen of Elune','',60),(641,11,30,'Force of Nature','',60),(642,11,30,'Incapacitating Roar','',75),(643,11,30,'Ursols Vortex','',75),(644,11,30,'Mighty Bash','',75),(645,11,30,'Heart of the Wild','',90),(646,11,30,'Dream of Cenarius','',90),(647,11,30,'Natures Vigil','',90),(648,11,30,'Euphoria','',100),(649,11,30,'Stellar Flare','',100),(650,11,30,'Balance of Power','',100),(651,11,31,'Feline Swiftness','',15),(652,11,31,'Displacer Beast','',15),(653,11,31,'Wild Charge','',15),(654,11,31,'Yseras Gift','',30),(655,11,31,'Renewal','',30),(656,11,31,'Cenarion Ward','',30),(657,11,31,'Faerie Swarm','',45),(658,11,31,'Mass Entanglement','',45),(659,11,31,'Typhoon','',45),(660,11,31,'Soul of the Forest','',60),(661,11,31,'Incarnation: King of the Jungle','',60),(662,11,31,'Force of Nature','',60),(663,11,31,'Incapacitating Roar','',75),(664,11,31,'Ursols Vortex','',75),(665,11,31,'Mighty Bash','',75),(666,11,31,'Heart of the Wild','',90),(667,11,31,'Dream of Cenarius','',90),(668,11,31,'Natures Vigil','',90),(669,11,31,'Lunar Inspiration','',100),(670,11,31,'Bloodtalons','',100),(671,11,31,'Claws of Shirvallah','',100),(672,11,32,'Feline Swiftness','',15),(673,11,32,'Displacer Beast','',15),(674,11,32,'Wild Charge','',15),(675,11,32,'Ysera Gift','',30),(676,11,32,'Renewal','',30),(677,11,32,'Cenarion Ward','',30),(678,11,32,'Faerie Swarm','',45),(679,11,32,'Mass Entanglement','',45),(680,11,32,'Typhoon','',45),(681,11,32,'Soul of the Forest','',60),(682,11,32,'Incarnation: Son of Ursoc','',60),(683,11,32,'Force of Nature','',60),(684,11,32,'Incapacitating Roar','',75),(685,11,32,'Ursols Vortex','',75),(686,11,32,'Mighty Bash','',75),(687,11,32,'Heart of the Wild','',90),(688,11,32,'Dream of Cenarius','',90),(689,11,32,'Natures Vigil','',90),(690,11,32,'Guardian of Elune','',100),(691,11,32,'Pulverize','',100),(692,11,32,'Bristling Fur','',100),(693,11,33,'Feline Swiftness','',15),(694,11,33,'Displacer Beast','',15),(695,11,33,'Wild Charge','',15),(696,11,33,'Yseras Gift','',30),(697,11,33,'Renewal','',30),(698,11,33,'Cenarion Ward','',30),(699,11,33,'Faerie Swarm','',45),(700,11,33,'Mass Entanglement','',45),(701,11,33,'Typhoon','',45),(702,11,33,'Soul of the Forest','',60),(703,11,33,'Incarnation: Tree of Life','',60),(704,11,33,'Force of Nature','',60),(705,11,33,'Incapacitating Roar','',75),(706,11,33,'Ursols Vortex','',75),(707,11,33,'Mighty Bash','',75),(708,11,33,'Heart of the Wild','',90),(709,11,33,'Dream of Cenarius','',90),(710,11,33,'Natures Vigil','',90),(711,11,33,'Moment of Clarity','',100),(712,11,33,'Germination','',100),(713,11,33,'Rampant Growth','',100);
/*!40000 ALTER TABLE `wowTalents` ENABLE KEYS */;
UNLOCK TABLES;
/*!40103 SET TIME_ZONE=@OLD_TIME_ZONE */;

/*!40101 SET SQL_MODE=@OLD_SQL_MODE */;
/*!40014 SET FOREIGN_KEY_CHECKS=@OLD_FOREIGN_KEY_CHECKS */;
/*!40014 SET UNIQUE_CHECKS=@OLD_UNIQUE_CHECKS */;
/*!40101 SET CHARACTER_SET_CLIENT=@OLD_CHARACTER_SET_CLIENT */;
/*!40101 SET CHARACTER_SET_RESULTS=@OLD_CHARACTER_SET_RESULTS */;
/*!40101 SET COLLATION_CONNECTION=@OLD_COLLATION_CONNECTION */;
/*!40111 SET SQL_NOTES=@OLD_SQL_NOTES */;

-- Dump completed on 2015-03-13 11:07:30
